,category,created,name,subscribers,uploads,views
0,Music,2006-03-13,T-Series,75544288,12922,55831048054
1,Howto,2016-11-15,5-Minute Crafts,43993981,2480,10994564885
2,Entertainment,2015-07-20,VN Children’s Music,0,128,626679547
3,Education,2006-09-01,Cocomelon - Nursery Rhymes,29627795,386,15233417015
4,People,2016-12-06,Like Nastya Vlog,13180727,193,4655061744
5,Entertainment,2016-02-14,Salih Reis'in Dünyası,0,305,4005712224
6,Music,2009-05-12,U2VEVO,1057234,99,1158655580
7,Entertainment,2015-05-12,✿ Kids Diana Show,14542931,516,4375020758
8,Film,2006-10-13,jorgeembon,438045,502,571283811
9,Music,2014-01-23,netd müzik,12410846,9132,26075394986
10,Tech,2005-09-18,Google,6877659,2172,2318611971
11,Music,2014-03-12,Zee Music Company,28090175,3676,13540612861
12,People,2016-05-18,Boram Tube ToysReview [보람튜브…,7154300,173,1933610700
13,People,2016-07-17,سيف SAIIF,1942209,99,246426194
14,Education,2016-03-17,Toys and Colors,7039790,177,3684704548
15,Entertainment,2013-01-10,one31,12868270,47493,8863151136
16,News,1900-01-01,YouTube Spotlight,27888596,287,1676251659
17,Music,2011-06-02,El Reino Infantil,17785866,637,17875862536
18,Music,2009-09-02,Sony Music India,20776398,2332,8277037020
19,Entertainment,2015-03-28,CKN Toys,10320737,469,8842860491
20,Music,2009-09-02,SonyMusicIndiaVEVO,16548929,3003,7447031962
21,People,2016-06-29,BLACKPINK,15871806,203,3887476837
22,Comedy,2015-01-24,All Of Vines,1240056,246,333380549
23,Howto,2009-12-06,HelloMaphie,4658877,467,642729726
24,Entertainment,2017-02-07,LES BOYS TV2,0,136,1380054881
25,Music,2011-01-31,1theK (원더케이),14400628,14082,11605303072
26,Music,2008-11-24,قناة طيور الجنة | toyoraljanahtv,10418696,2259,9412548905
27,,2011-10-03,KutKit Kids,0,254,187189527
28,Entertainment,2007-09-01,Shemaroo,12888344,6506,5906383358
29,Music,2009-05-12,Maroon5VEVO,15638687,112,11447549362
30,Music,2007-04-11,RSDivulga - Funk,293278,9,141942786
31,Entertainment,2016-09-07,NIMAGAP TV,379363,1269,134869424
32,Entertainment,2015-02-16,z a m,407672,1236,131382309
33,Entertainment,2013-09-23,Indosiar,4380123,19691,2684468381
34,Music,2013-06-06,La Granja de Zenón,10866196,163,5519782160
35,Entertainment,2010-01-20,FilmKritikTV,174177,622,127119340
36,Entertainment,2016-01-26,Family GamesTV,0,322,2115314497
37,Education,2011-12-14,Pinkfong! Kids' Songs & Stories,13356431,1091,6730766097
38,Entertainment,2015-09-23,Webs & Tiaras - Toy Monster Compilations,7203358,62,6727576995
39,Entertainment,2013-08-03,SuperToyzCollector,5986470,163,1100917059
40,News,2009-08-27,Aaj Tak,12268910,82566,3336366847
41,Howto,2016-02-05,Izabela Stress,3675400,427,1082442055
42,,2013-09-27,Boong Family,617259,59,132682349
43,Howto,2007-11-09,LY LY ToysReview,0,75,132758008
44,Music,2006-08-30,Galinha Pintadinha,14609709,47,10349076814
45,Music,2013-01-01,Bounce Patrol Kids,5313322,150,3206759265
46,Entertainment,2011-10-17,ThaiCh8 : ช่อง 8,6080783,42830,4351462393
47,People,2010-12-11,mmoshaya,8699273,758,4745556240
48,Entertainment,2013-11-03,CookieSwirlC,10316240,2975,10063495577
49,People,2017-11-28,ABC Kids TV,0,221,1125013262
50,Music,2015-04-06,Marshmello,23364586,236,4098684772
51,Sports,2008-12-05,cricket.com.au,1818628,6877,548157878
52,,2017-02-28,Mr. Tsismoso,186856,1863,117221760
53,Music,2014-08-10,Wave Music - Bhojpuri,7536804,15371,4201614149
54,Music,2009-05-12,EminemVEVO,26493958,83,12209647867
55,Comedy,2018-07-20,FV FAMILY,1297010,448,459557383
56,Film,2016-03-13,OYUNCAKOYNUYORUM,3504918,540,1614529859
57,,2015-05-12,SHN MOVIES,0,7,7249626
58,Film,2015-09-12,Goldmines,7198936,362,1053351219
59,,2017-10-20,Funny TV show,470821,46,100788644
60,Film,2015-03-29,shfa,3093471,424,1052113038
61,Film,2012-09-27,Nick Jr.,4489507,2185,3725302603
62,Music,2010-11-08,GMM GRAMMY OFFICIAL,14351496,6123,14259893905
63,Music,2012-08-25,Alan Walker,19956946,164,5386255760
64,Music,2012-03-15,Worldwide Records Bhojpuri,7164215,2056,3422792132
65,Film,2013-09-27,Hasbro,2920806,9027,3945847918
66,Entertainment,2005-10-22,LEGO,6811353,19685,8607854711
67,People,2012-06-01,ABP NEWS,8135528,115296,2649785742
68,Music,2012-01-23,ImagineDragonsVEVO,10651318,98,5947976478
69,People,2016-05-11,Давай поиграем в игрушки,5594628,220,1695914449
70,Entertainment,2015-07-28,RCTI - LAYAR DRAMA INDONESIA,3487883,29954,2982794359
71,Howto,2017-03-15,BRIGHT SIDE,21116365,1954,3828391006
72,Entertainment,2016-07-11,ARY Digital,5223477,16230,2592410408
73,Shows,2007-02-01,Vijay Television,7466151,20028,4391109706
74,,2017-04-14,Muskan jaan,0,234,100626259
75,Entertainment,2013-11-21,LetsGoMartin - Nursery Rhymes,5732211,215,1588127831
76,Games,2015-08-18,Laz Oyun Oynay,434993,803,84520676
77,Entertainment,2014-09-22,Mister Max,10134280,707,6409763173
78,Education,2016-07-15,BabyBus - Kids TV - Songs & Stories,3093627,1114,2101587050
79,,2018-04-06,Tekashi 6ix9ine,6144092,4,1132880810
80,Music,2008-06-04,ibighit,19284206,280,4148354481
81,Music,2012-09-04,BeckyGVEVO,6640526,53,4228007770
82,Entertainment,2012-08-24,Fischer's-フィッシャーズ-,5253316,1699,6003031260
83,People,2015-09-06,Maria Clara & JP,6360280,405,1647119198
84,Film,2012-06-04,HTV2-Vie Channel,4928652,6258,2637711027
85,Games,2012-02-12,rezendeevil,21123414,6906,7301278993
86,People,2014-12-19,David Dobrik,10133751,521,3544586273
87,Education,2011-06-22,Little Baby Bum - Nursery Rhymes & Kids Songs,17121077,761,18060198768
88,News,2016-04-20,Raffy Tulfo in Action,2418491,1972,1100942516
89,Howto,2011-11-02,Ly LY FamilyShow,38592,51,81616904
90,Music,2012-09-23,Trap Nation,24074600,1541,8379704018
91,Entertainment,2015-07-17,La Rosa de Guadalupe,4639480,1610,1853240447
92,Music,2009-05-12,LadyGagaVEVO,9413127,147,6093362640
93,Music,2012-10-22,ChainsmokersVEVO,12358838,131,7910061718
94,People,2015-10-14,Zalfa Aulia Channel,817989,291,238012307
95,Music,2014-05-06,SebastianYatraVEVO,2864694,24,2686083556
96,Entertainment,2015-01-04,YoungBoy Never Broke Again,4017785,194,2223706002
97,Music,2009-07-25,Ajay Yuvraj,229934,12004,151767157
98,Music,2006-12-15,Atlantic Records,8827054,1068,8140534905
99,Games,2016-03-04,Hong Giang DIY Slime,3652518,396,1023441837
100,Music,2014-03-23,White Hill Music,6593813,3074,2478312526
101,Games,2015-01-04,LazarBeam,7220480,1005,1715499222
102,Howto,2015-09-12,Troom Troom,10427051,726,3151741182
103,Education,2015-03-03,El Reino a Jugar,5596508,282,2578301746
104,Comedy,2018-01-15,JMMB Films,1057548,221,435896881
105,Entertainment,2013-08-14,Strawberry Jam Toys,4156550,981,1411220588
106,Comedy,2013-10-13,東海オンエア,3939661,1169,3089604390
107,People,2009-10-25,ALLinONE,145818,52,69606980
108,Tech,2009-09-02,SearchMojo,84,72,15647
109,People,2017-02-02,Sham Drama شام دراما,0,7590,1319117632
110,Entertainment,2013-03-25,Lyrical Lemonade,6835663,316,2092347267
111,People,2013-03-08,Pavel Igy,0,45,69125698
112,Entertainment,2015-08-19,Flowers Comedy,2885050,3277,2016243893
113,Entertainment,2016-08-07,Weird Stuff,1451787,527,493134564
114,Entertainment,2016-01-14,Like Nastya,10858510,231,3086361427
115,,2017-07-05,DLS News,10028931,1938,922316045
116,Entertainment,2015-01-23,Kid Studio,3360773,1271,2233251686
117,Entertainment,2016-02-26,Sun TV,3241046,1151,310493907
118,Entertainment,2016-07-28,Pinoy Big Brother,1302549,1765,651694952
119,Music,2015-10-15,Lil pump,13116682,25,2366618674
120,Film,2015-08-28,BIGFUN,0,456,1280450282
121,Entertainment,2014-09-04,TRANS7 OFFICIAL,3052130,35574,1309319411
122,Music,2016-08-29,KhalidVEVO,2443798,52,1560358755
123,Entertainment,2015-06-13,OLIE THE CUB,6551523,641,1995861535
124,Entertainment,2016-04-23,Princess Bánh Bao,3894821,551,1469062373
125,Howto,2010-03-23,Flipkart,0,736,954030123
126,Music,2011-12-26,Mr. Gengar,1890464,3068,1303040472
127,Music,2011-05-16,Daddy Yankee,17814268,326,6217195412
128,,2016-10-21,Crime Patrol Dehati,618979,122,180184937
129,Education,2016-10-27,Prachin Rahasya,2340978,748,416590844
130,News,2015-03-23,The Lallantop,5059021,4968,879269656
131,,2015-10-11,CON HEO DAT TV,0,9,92964829
132,News,2012-10-09,Inside Edition,5091335,15633,6147337830
133,,2017-06-21,Hola Niño,2514465,31,482477690
134,Music,2014-06-10,ShawnMendesVEVO,11468961,106,5469438428
135,Music,2010-01-03,Coldplay,13413380,208,8348104181
136,Comedy,2017-03-20,Jkk Entertainment,3990362,70,756095268
137,Music,2007-01-22,Ariana Grande`,29606204,122,559345979
138,,2017-12-08,حِرف إبداعية في 5 دقائق,4546553,1235,1041282869
139,People,2011-08-10,BuzzFeedVideo,18001137,5738,14480681233
140,Entertainment,2011-12-02,Surya Citra Televisi (SCTV),3090709,18472,1681089100
141,Music,2009-09-26,JustinBieberVEVO,33998389,122,18174524283
142,Entertainment,2011-10-18,RedeTV,6754906,18335,4123259099
143,Games,2014-05-27,Jelly,9960540,3102,3732871865
144,Travel,2015-11-20,Wheel & Dice,100094,109,62188730
145,,2018-01-15,Primitive Technology KH,1277463,122,357256580
146,Entertainment,2008-01-02,HAR PAL GEO,3188062,5249,1236540754
147,Howto,2015-12-09,ToysPlay,1510545,121,740729123
148,Games,2013-03-19,Lachlan,9434971,3081,2299008996
149,Music,2018-03-13,TikTok,4959,126,868801241
150,News,2014-02-05,AMARIN TVHD,4199796,73587,3250610263
151,Entertainment,2018-02-22,Bizim Hikaye,1455429,1500,955428508
152,Entertainment,2017-03-28,Susi kids TV,1504186,501,1093600951
153,Shows,2014-05-09,Sony PAL,3989515,8245,1966157500
154,Entertainment,2013-05-03,Haryanvi Maina,7236872,3317,3253861734
155,Entertainment,2006-05-19,StarPlus,7839023,7414,1825549945
156,Games,2012-07-14,DanTDM,20716910,2996,14006688088
157,Games,2011-09-15,VanossGaming,23962170,911,10251990263
158,Film,2014-12-02,Totoykids,11904149,739,5782273880
159,Music,2015-12-07,CNCOVEVO,6177587,51,4530787715
160,Music,2006-09-19,Bruno Mars,23320044,67,10045952960
161,,2017-10-30,IDEAS EN 5 MINUTOS,6551888,1466,1025404973
162,Music,2009-09-02,capoVEVO,69574,38,186054476
163,Games,2012-05-17,Поззи,4666289,1778,2112052987
164,Entertainment,2006-11-21,The Late Late Show with James Corden,17239691,3072,5115773867
165,Education,2011-10-20,infobells,3627918,273,1192070289
166,Music,2009-10-15,CalvinHarrisVEVO,12749135,113,9997865910
167,Music,2011-04-21,RomeoSantosVEVO,9162008,139,7315789520
168,Games,2008-03-02,VEGETTA777,25024815,4909,9781754142
169,Film,2013-10-09,Peppa Pig - Official Channel,6688027,324,2341367751
170,Entertainment,2014-12-17,DIEN QUAN Comedy / Hài,3750560,2604,2648453548
171,,2016-05-26,Janta Films Pvt.Ltd.,326162,193,210333057
172,Music,2015-11-27,HD Songs Bollywood,3127403,121,279848099
173,Film,2017-11-08,Riki MUSIC,1628766,125,399081205
174,Entertainment,2006-07-06,Reliance Entertainment,1266758,960,623459102
175,Film,2013-01-24,Jingle Toons,6944992,174,2381104244
176,Music,2014-06-23,HalseyVEVO,3147753,102,1300305720
177,Music,2009-05-12,TaylorSwiftVEVO,27890575,82,15915390906
178,,2016-11-15,Alex 366,879743,867,408753092
179,Entertainment,2015-03-12,Caso Cerrado,4730327,2827,2637280866
180,Music,2011-04-13,Meek Mill,2830956,135,1493146361
181,Entertainment,2008-08-26,Zee Tamil,3467494,31177,1866066039
182,,2016-11-21,ABCkidTV Misa,1828456,58,410226336
183,Sports,2012-09-03,Toy For Kids [토이포키즈],1119730,67,290965153
184,Music,2009-12-13,KatyPerryVEVO,26508950,125,16654758083
185,Entertainment,2010-04-09,MrSuicideSheep,10713104,2154,4280298700
186,Entertainment,2006-07-18,Guava Juice,12584768,1221,5022450094
187,Film,2013-09-09,Official Pink Panther,5341001,430,2795744725
188,Music,2009-01-30,DEL Records,5348497,1883,3977467048
189,Music,2008-09-04,avex,4416926,9786,6560032746
190,Music,2011-07-13,TheWeekndVEVO,11305098,44,7127305295
191,Music,2015-04-01,Sonotek Haryanvi,6855254,6608,2641949390
192,,2016-11-19,Gjigandet e Vegjel,2394291,19,519123379
193,Entertainment,2007-11-08,Zee Marathi,3451035,54031,2608678690
194,Games,2015-11-14,Vanimy,529725,251,63624720
195,Entertainment,2014-10-20,Познаватель,8642230,301,2797348654
196,,2017-02-09,Ninja Kidz TV,3334360,88,1179292583
197,News,2010-09-27,Thairath,4812961,101143,2908129430
198,Entertainment,2013-04-02,Gato Galactico,8585102,725,1580083409
199,Entertainment,2017-09-24,Love Warning !,386337,0,0
200,Comedy,2012-04-15,Luisito Comunica,20235361,573,2340632323
201,,2017-09-13,Çukur,2503524,1040,1648528723
202,Education,2011-08-23,Tareasplus,417382,1168,71624447
203,Music,2011-11-15,Chris Rinaldi,392441,39,50874202
204,Entertainment,2017-07-07,KOCOWA TV,2124655,4522,953202233
205,Games,2007-02-24,jacksepticeye,20936451,3970,10387870275
206,Sports,2014-12-14,NFL,4248972,15349,2553251960
207,,2017-05-25,Kiddiestv Hindi,2912714,93,987359349
208,,2018-01-13,FlareTV,755573,12,131003029
209,People,2010-08-18,Kids Learning Songs,0,111,578023685
210,Entertainment,2016-09-24,ToyTocToc,4699653,473,1481180766
211,Games,2011-05-12,BCC Trolling,8563459,3510,2112542437
212,People,2010-09-30,Colgate - Brasil,59788,68,130758529
213,Howto,2017-10-30,5-Minute Crafts KIDS,8970177,1211,1656309427
214,Music,2017-08-19,EHPMusicChannel,624530,583,646208980
215,People,2014-04-06,HIMAWARIちゃんねる,1496400,1043,1847201418
216,Education,2014-12-04,Dave and Ava - Nursery Rhymes and Baby Songs,4833867,394,2911890079
217,,2018-07-15,Pac Pac TV,1518924,10,378583033
218,Entertainment,2012-10-14,MBC مصر,5161921,10223,3189864902
219,Comedy,2006-01-08,The Tonight Show Starring Jimmy Fallon,19163718,4876,10286134376
220,Music,2009-06-21,Wesley Safadão,8586864,251,3871108799
221,Music,2006-11-28,Linkin Park,13166547,491,6539484069
222,Entertainment,2008-07-04,Brancoala,4537530,759,2323532054
223,Music,2011-06-15,MalumaVEVO,15044707,91,10521076889
224,Entertainment,2016-10-19,Happy Babies,68430,12,55785641
225,Entertainment,2015-12-01,James Charles,11368981,186,921205965
226,Film,2016-02-15,Masha e o Urso,5135276,248,1676881018
227,Entertainment,2012-08-01,MEGA Oficial,4571537,18566,3259061845
228,,2017-10-30,БЕРИ И ДЕЛАЙ,3568290,1381,585625349
229,Comedy,2014-02-14,DANIEL EL TRAVIESO VIDEOS,3914029,206,1150494761
230,Entertainment,2015-01-02,And TV,3568447,21362,2759053099
231,Comedy,2016-01-30,ولاية بطيخ | Melon City Show,5014390,873,1470256572
232,People,2016-04-14,Shoof Drama | شوف دراما,2165956,5579,1087766842
233,Education,2016-01-13,Rainbow Kids,0,209,250357379
234,Music,2009-09-09,Charlie Puth,13698294,78,5286816304
235,Entertainment,2014-09-28,Me contro Te,3094904,708,1674375534
236,Music,2007-02-15,Michael Bublé,1806664,223,899081113
237,Music,2012-11-01,toyorbabytv,6366074,291,4034512311
238,,2012-07-10,Kudo Toys,0,30,105610612
239,Music,2015-05-31,RCM Music Bhojpuri,3222839,4069,945869109
240,Comedy,2015-09-19,Lele Pons,12846438,102,2230829362
241,Entertainment,2006-03-30,RTVE,539272,8614,487632523
242,Music,2011-01-22,Chetak,2422679,6677,912233275
243,,2017-04-04,Total ReFresh,220956,29,45296415
244,Music,2011-07-21,Anne-Marie,4272686,61,868203751
245,,2018-10-05,Aqui Bebês Cantam,245740,22,59690753
246,Comedy,2016-02-05,Darwin,88894,248,63697717
247,People,2017-09-05,Daniel Boy,1538047,159,517269063
248,Music,2008-05-09,Wiz Khalifa,16961032,447,8318916044
249,,2017-07-27,Nick Jr. Россия,1333776,336,754538208
250,Film,2015-05-06,Zig & Sharko,2716290,373,1327777041
251,Entertainment,2015-10-25,Hành Tinh Đồ Chơi - Toy Planet,1602316,530,596281042
252,,2017-09-13,Teddy ToysReview,0,106,77471500
253,Education,2016-12-27,Zic Zic,5660037,319,1486213655
254,Entertainment,2007-12-12,DisneyChannelLA,10449600,3622,7949903834
255,People,2010-12-13,Colgate - Mexico,37405,51,142285281
256,Entertainment,2016-02-15,Viki Show,3837062,334,1306028649
257,Film,2016-03-06,prenses elif,2665623,4644,3936859694
258,Music,2009-09-02,BeyoncéVEVO,13675172,131,9117230291
259,Animals,2006-10-30,Maymo,3156432,292,1385288131
260,,2017-09-25,Dessin Animé pour Enfants,2618364,36,784517582
261,Entertainment,2013-11-13,Sony AATH,2250822,3619,1262135754
262,Music,2014-06-22,Cordil Games,31037,1,42907633
263,Entertainment,2015-09-26,Pop Diaries,554504,3400,259637260
264,Music,2014-05-20,Zee Music Classic,3377095,716,1276127998
265,Music,2010-01-18,MK MUSIC,6126236,3011,2525233154
266,,2018-03-19,BabyBus - Canciones Infantiles & Cuentos,665778,269,163410629
267,Music,2014-08-01,Alka Music,1726610,476,129259918
268,,2014-04-23,IMR Bhojpuriya,449935,65,110947641
269,Film,2006-09-18,DreamWorksTV,4903641,3838,3506182358
270,,2018-05-17,Zadruga Official,331358,7315,582560390
271,Entertainment,2017-07-18,RSVP Movies,246941,31,114324881
272,Tech,2007-07-19,Google India,1898612,306,1651553412
273,Comedy,2016-12-24,DSS Production,2045785,77,237513780
274,Entertainment,2012-12-29,Red Chillies Entertainment,4271270,660,1494868772
275,Entertainment,2013-04-23,Gamza Selih,0,21,57373050
276,Entertainment,2015-07-08,YimYam TV,1484385,1273,1099928163
277,Music,2010-09-23,Warner Music Italy,3567332,1112,3283481063
278,,2017-02-20,SVM SCHOOL,578611,69,165400864
279,Howto,2015-10-12,Трум Трум,6335286,720,1783927858
280,Education,2008-05-26,Christmas Songs and Carols - Love to Sing,524527,651,373467706
281,People,2016-01-13,hollywoodclips22,569587,708,484555621
282,Music,2009-12-02,ThaliaVEVO,2347340,143,2759729768
283,Music,2011-12-14,MBCkpop,5543399,32553,4144057518
284,Entertainment,2014-12-12,ViralVideo Italia,315657,3443,275271627
285,Entertainment,2011-05-25,HUM TV,3778818,14089,2575007567
286,,2017-10-10,ETV Dhee,2186521,640,959875061
287,Entertainment,2016-12-14,Oyuncu Yusuf,885599,558,309827450
288,People,2013-04-11,Horlicks India,256063,75,105382056
289,People,2017-01-10,SlenderMan™,2660624,756,1047220712
290,Music,2011-02-05,Dua Lipa,9278343,84,3035401023
291,Music,2014-02-26,Chill Nation,6849312,1020,1963701576
292,Music,2011-11-29,AviciiOfficialVEVO,11585048,110,5819952237
293,Games,2011-05-02,Fernanfloo,30825155,537,6650191369
294,Games,2015-09-21,Julia MineGirl,3533555,1300,1991639037
295,Music,2014-03-13,Jass Records,3625560,1646,1187772930
296,Entertainment,2013-12-16,AmiG Show,507702,3392,520827753
297,Film,2012-07-30,Turma da Mônica,9462423,739,7333827918
298,Music,2016-02-16,Mor Music,2754368,2292,1341007170
299,Entertainment,2007-07-05,Dr. Phil,3581744,7897,2879585817
300,Games,2012-01-13,Muselk,7334301,1331,2216674964
301,Entertainment,2014-08-14,Fisher-Price® Latino,268342,166,174049864
302,Music,2009-03-10,Luan Santana,7185654,298,2309723427
303,,2016-11-09,Peppa Pig En Español Capitulos Completos,3659163,436,1062936675
304,Music,2008-07-02,Pina Records,8589562,315,4930017504
305,Entertainment,2010-01-19,Zee Kannada,1963627,45016,1201216727
306,Film,2016-03-07,Joy_Boy Theories,167080,551,42764312
307,Education,2016-08-31,베이비버스 -인기 동요・동화,761633,776,459923088
308,,2018-06-11,الحب لا يفهم الكلام,1359721,153,756909171
309,,2017-03-22,Lisa Luke Nursery Rhymes,671381,85,143143548
310,Autos,2015-12-28,Dekja,2986447,1107,1352780988
311,People,2013-07-07,AmusementForce,3724679,6613,2536949884
312,,2017-11-22,Venus Bhojpuri,2663142,394,628637325
313,,2011-09-22,عائلة رياض,1336446,475,910047710
314,Music,2011-02-08,BEC-TERO MUSIC,1332153,1064,1050795796
315,Travel,2016-10-26,The Shiny Peanut,4379284,545,800964105
316,Games,2015-05-08,AzzyLand,6189241,959,1687016403
317,Music,2011-08-25,GRM Daily,1565507,5884,1464096723
318,Nonprofit,2009-06-23,TEDx Talks,16011116,124580,2918934719
319,Entertainment,2017-03-17,Brianna's Secret Club TH,2596426,790,912921906
320,,2013-07-28,Animal Family,5988598,31,794100030
321,Entertainment,2008-09-17,Good Mythical Morning,14764852,2160,4987922656
322,Entertainment,2016-02-29,Super Polina Play,4837591,156,897367879
323,Music,2015-02-11,Thuy Nga,2135775,2078,1788051990
324,Music,2014-10-06,Desi Music Factory,4852134,61,880370850
325,People,2016-02-05,Troom Troom Es,7006669,467,1392345244
326,,2017-03-11,PlayToys,470874,26,95722057
327,,2010-01-30,Bi Bi TV,0,24,274008753
328,,2018-02-13,ZEE5,965328,2349,436722924
329,Music,2011-11-02,Anitta,10584153,43,3113978843
330,Howto,2017-12-03,Crafty Panda,2439429,60,410427710
331,Entertainment,2016-11-22,RCM Bhojpuri Hit,2961873,3887,894009434
332,Entertainment,2007-06-26,Caracol Televisión,2328617,8856,876574276
333,,2018-03-20,5 MINUTI CREATIVI,1544411,960,279277687
334,Comedy,2011-01-09,SQUEEZIE,12038693,1268,5608370843
335,Entertainment,2009-12-30,ArkivaShqip,2763324,6782,4246052277
336,Comedy,2006-01-04,Mr Bean,10886958,1384,4133989772
337,Entertainment,2015-07-15,Baby Show TV,2384792,55,494985362
338,Music,2014-05-15,Nirahua Music World,2983477,474,1491679216
339,,2018-03-01,5 DAKİKADA HALLET,1923449,986,434805741
340,Entertainment,2012-12-14,Cumicumi,2832279,51146,2456660046
341,Tech,2015-06-08,Quantum Tech HD,1624903,181,397037079
342,Entertainment,2014-12-23,atv,3364766,13371,3582466959
343,,2017-05-18,3ater Alsham عطر الشام,665807,4085,675624681
344,Entertainment,2016-08-15,Yurizando,1993958,292,142784592
345,,2015-08-24,Phim HOT TK-L,1700986,3121,799195362
346,,2018-09-18,MBC Little Big Stars نجوم صغار,453100,81,72439678
347,Entertainment,2011-07-19,HikakinTV,6819041,2536,5408558055
348,News,2017-08-08,News Tak,3094326,10373,690415641
349,,2016-08-29,Jaeguchi,1114345,176,557365655
350,Entertainment,2016-01-07,Nina Twin Kids,0,59,523129111
351,Music,2011-02-26,Poll Production,2376872,2019,3528375440
352,Music,2014-07-13,Wish 107.5,4195409,783,1545283122
353,Entertainment,2016-09-28,FamousTubeKIDS,1347582,353,422714639
354,Games,2011-10-07,AuthenticGames,15893599,3523,6354877070
355,,2017-11-07,Hit Movie,156888,149,10396133
356,Entertainment,2014-11-23,KN Channel,4487016,636,2464445206
357,Entertainment,2015-08-17,NightcoreZodiac,672875,153,174834820
358,People,2015-09-27,Смотри как я (Watch Me),2258440,241,704342706
359,Film,2014-09-10,AD-WISE MEDIA ACTION MOVIEPLEX,2459737,195,648205524
360,,2018-11-21,SelectFlix,214244,188,37004443
361,Music,2013-12-26,FitDance,9208577,1021,2810081798
362,People,2012-08-24,Cole&Sav,7652887,254,1870115343
363,Entertainment,2013-08-30,Maya and Mary - Nursery Rhymes & Songs,1121138,38,210955269
364,Music,2015-02-04,Ceylin - H Official,2541024,270,1206072259
365,Comedy,2011-01-24,Kaykai Salaider,8007194,193,1235530225
366,Comedy,2014-06-10,Morgz,6929619,531,932203672
367,People,2017-04-25,Gemma ND,85571,9,35304952
368,Animals,2012-10-27,Louie The Beagle,1284815,238,436664461
369,Education,2013-06-27,Sevimli Dostlar,2759467,327,1843103888
370,Film,2015-12-06,Camarroket,2750027,36,621871787
371,,2018-02-17,Cartoon Animals,870645,4,182262047
372,People,2016-05-23,Hamtaro Gasa,1374242,497,916197640
373,Education,2015-01-11,AwesomeToySurprises,0,1449,727729753
374,People,2006-09-09,TeluguOne,4524776,34236,2655957611
375,Entertainment,2006-12-10,AP International,2636184,21341,1885179837
376,People,2010-05-01,Kan & Aki's…,2465868,1053,5251489743
377,,2017-03-20,102 TUBE,0,371,336778774
378,Film,2017-02-27,Söz Dizi,2483737,1141,1316422930
379,Education,2014-12-13,Toys Kids TV,3746853,25,624531743
380,Entertainment,2016-09-02,UTKU CEM,233688,135,34696490
381,Entertainment,2014-01-26,Atta Halilintar,7659510,345,598379415
382,,2012-06-24,DenLion TV,1900952,121,575922827
383,Entertainment,2016-01-20,Calon Sarjana,6511386,715,1311734959
384,Entertainment,2014-01-27,mallemalatv,2137754,5852,1109167287
385,Games,2011-06-03,MessYourself,5087478,790,1439019353
386,Film,2014-05-25,Cantece Gradinita .ro,1670485,117,1700530624
387,Travel,2013-01-20,Travel Thirsty,2711007,398,932649862
388,Film,2007-03-13,icanrockyourworld,4667264,8,2649971603
389,Entertainment,2015-05-19,Kids Club TV & Nursery Rhymes Songs,2075264,137,297571980
390,Film,2015-07-07,Toys and Fun,2127475,1171,1564798776
391,Education,2006-07-27,Panzay Crianza,108821,163,38615086
392,People,2014-12-30,TV Ana Emilia,3438459,208,936625160
393,Music,2014-08-19,O Reino das Crianças,3273997,414,1963346112
394,Entertainment,2016-01-03,Play TOP,1654507,215,196184235
395,People,2015-01-21,SHOPEE Indonesia,244220,261,627534569
396,Music,2009-09-02,acdcVEVO,3177781,145,2983466097
397,Games,2006-09-13,Ali-A,15641350,3015,4175680181
398,People,2015-03-26,Zara Cute,1412904,888,1032873884
399,Music,2009-05-12,GunsNRosesVEVO,4904501,39,3849708737
400,Comedy,2017-01-18,JRE Clips,1315192,1730,567740514
401,,2017-02-25,Banana Bee,2332198,40,771085619
402,Howto,2014-03-12,Vy Qwaint,2695378,153,426833604
403,Entertainment,2010-11-25,Neo-Saban Power Rangers,3952638,3331,4048997992
404,Film,2015-10-10,Goldmines Housefull,3568334,88,253632414
405,,2018-02-05,Anupam Movie Songs,1182984,751,472773197
406,Entertainment,2015-09-17,Facts Verse,5962400,1200,1803602207
407,Games,2014-08-06,Sony Music South,0,72,149638432
408,Music,2010-03-30,Tonmai Music & Studio,1661684,69,804404419
409,Shows,2011-06-02,EBS Kids,1864456,19611,2771530164
410,Film,2016-02-12,Masha y el Oso,4381363,240,1732037773
411,Sports,2013-05-28,CliveNBAParody,836508,3433,558058815
412,Entertainment,2015-03-31,TinyLessonTime,1843146,406,582581576
413,News,2007-10-25,News18 India,2646705,32173,490097304
414,Music,2009-05-12,WisinYYandelVEVO,3023484,44,2766249994
415,Film,2011-01-19,DisneyJuniorIT,1558877,1394,999829512
416,Sports,2016-12-29,FutParódias,5599247,215,1317375974
417,Entertainment,2015-10-04,Луномосик,2573721,198,778196265
418,Music,2015-03-21,Natti Natasha,1574653,18,317435686
419,Film,2016-06-20,Мувики.рф — сцены из…,666593,353,319459444
420,Film,2016-07-14,Ocean Media Entertainment,114906,305,31725405
421,Entertainment,2014-12-16,Говорящий Том и Друзья,2822464,308,905376458
422,,2016-12-20,Chespirito y sus Amigos,1198573,842,552635314
423,Entertainment,2015-04-20,AdMe.ru - Сайт о творчестве,6528050,1551,1189676299
424,Music,2011-11-07,Sing Music Channel,2193692,97,766044124
425,Entertainment,2014-01-26,Marianela González FanClub,428348,1231,220265694
426,Games,2013-07-25,DakPlay,1821715,729,930727604
427,,2018-02-03,KHƯƠNG DỪA CHANNEL,942336,589,398777554
428,Entertainment,2016-01-15,Ricis Official,7213976,391,873761039
429,Film,2016-08-04,Crime Files,2225451,130,587020817
430,Entertainment,2015-04-22,MY FINGER FAMILY RHYMES,576370,20,68419176
431,,2017-10-10,"SLICK SLIME SAM - DIY, Comedy, Science for…",1398370,272,485043063
432,Education,2015-07-12,FunToysMedia,4789589,429,2159560030
433,Music,2016-05-23,CalumScottVEVO,1316247,48,843952142
434,Entertainment,2016-09-19,BollywoodKilla,801879,1602,250984074
435,Film,2010-09-23,Tiffany & Co.,73375,210,119088722
436,Music,2013-03-06,Gold Coast Music,649836,777,310673754
437,Entertainment,2014-03-24,Bely y Beto Oficial,1571363,228,611528801
438,People,2015-09-10,Filmi Jhankar,0,29,30889341
439,Entertainment,2013-06-18,Happy Funny Kids Toys Pretend Play,0,919,2060639209
440,,2017-04-03,CricketWicket,158762,49,35943650
441,Comedy,2014-09-15,Na CorreRia,2287212,348,767736034
442,Entertainment,2014-05-27,Camila Loures,7750174,801,888252067
443,Comedy,2011-06-02,Beşiktaş Kültür Merkezi (BKM),1780197,5323,2076690901
444,,2017-05-16,人間ちゃんねる,61888,304,30567340
445,Music,2013-10-28,SamSmithWorldVEVO,6911783,64,4350646796
446,Games,2012-04-16,WhenGamersFail ► Lyon,1900882,2587,1261989557
447,Music,2013-12-02,MundoBitaVEVO,1002907,37,1408638295
448,News,2010-06-23,b788888888,9818,6,30456601
449,Film,2016-10-11,Boram Tube [보람튜브],3264235,94,602696649
450,Music,2013-05-31,Lil Peep,3564136,22,865237920
451,,2018-06-27,benny blanco,271119,11,265686691
452,Entertainment,2015-05-19,Yippee Toys,7436079,1714,3221912651
453,Entertainment,2014-05-21,Toy Genie Surprises - Learning Videos for…,5672908,2190,3729113497
454,Games,2013-10-05,Baby Home TV,0,475,691035692
455,Music,2012-04-20,Trimurti,3085936,3004,1173645407
456,,2016-05-18,WOA LuKa Channel,630246,183,183722957
457,Film,2013-10-12,Goldmines Premiere,3998608,85,186394711
458,People,2017-01-27,HiHo Kids,1970877,560,484968810
459,Film,2016-02-08,Dima Kids TV,5297475,199,1305463841
460,Film,2007-02-13,Лунтик,3518240,769,7005301916
461,Entertainment,2009-09-24,Carter Sharer,2917624,155,457234407
462,Music,2007-01-23,Cat Music,5273924,1845,5222826424
463,News,2009-10-22,ABS-CBN News,5147275,89863,3739023666
464,Entertainment,2010-12-13,ZENSE Entertainment,2675884,8364,1300787482
465,Entertainment,2012-04-11,TRT Çocuk,1828922,3209,1244349111
466,People,2016-11-23,Voot Kids,981287,316,375313369
467,Entertainment,2013-07-30,REACT,10265097,1505,3245587437
468,Film,2016-08-28,عائلة عمر,918059,231,620041078
469,Autos,2007-09-17,Ανδρέας Γεωργίου TV,61903,530,40498042
470,Film,2014-01-06,Oddbods - Official Channel,3013461,407,2081514455
471,Music,2009-10-15,WhamVEVO,509751,22,758265098
472,People,2015-11-14,Robby,908782,199,100693660
473,Film,2014-09-01,Cleo & Cuquín - Familia Telerín,3306039,107,1466501231
474,People,2015-05-24,That YouTub3 Family,2570504,830,1184672889
475,Music,2011-04-19,Wave Music - Bhakti,3790595,15319,1361581569
476,,2017-11-15,Kia Motors India,16878,38,111064565
477,Entertainment,2015-10-29,MY TOYS PINK,2328102,865,1102016012
478,Entertainment,2016-07-13,浙江卫视音乐频道 ZJSTV Music Channel…,885391,3349,1200309957
479,Film,2017-07-12,Popular Diginet Movies,1662195,57,238893313
480,Film,2011-09-29,Mundo Bita,1199263,49,854868633
481,People,2015-07-06,super Jhankar,0,337,145498788
482,Entertainment,2009-06-25,Новий Канал,2372577,12110,1432874053
483,Comedy,2016-05-26,The Daily Show with Trevor Noah,4115654,1164,1346772151
484,Entertainment,2005-12-01,Vivo,2418567,1413,675790456
485,People,2016-06-28,TinkiPinki,46589,42,31924321
486,Music,2013-03-07,Rathore Cassettes,2730739,2602,869140539
487,,2017-03-21,PinkyPopTOY,1073222,285,368484935
488,Music,2016-01-28,Shree Jee - Bhakti,2992306,419,517671904
489,Comedy,2014-08-26,Jonatan Santos,1426046,473,158264289
490,Entertainment,2016-01-20,Bhavani HD Movies,1856831,17817,827194152
491,Tech,2005-06-22,Apple,8041409,263,482454418
492,Music,2011-08-02,Gallina Pintadita,6604777,34,5078603635
493,Entertainment,2011-09-11,MrAdriboy123,28108,65,28512402
494,Entertainment,2009-04-28,日テレ公式チャンネル,195097,947,103940510
495,Music,2016-07-25,EllaMaiVEVO,261430,14,547661824
496,Entertainment,2013-05-13,Entertainment Access,1468716,2734,1051516167
497,People,2015-12-01,Saas Bahu Aur Betiyaan,2131067,11888,1015767727
498,Howto,2017-05-20,NINJA HATTORI,221494,605,63475162
499,,2016-10-24,CamilaCabelloVEVO,5620268,28,3140756640
500,,2018-08-05,Kızım,450455,388,188422040
501,Games,2008-04-02,Kwebbelkop,9391025,3739,3551819808
502,,2015-04-27,Dailyhunt,22530,103,253081076
503,Games,2014-10-26,Ceeday,5060294,371,661086893
504,Animals,2011-05-04,nature1upclose,40960,1011,27927683
505,Entertainment,2011-07-25,BollywoodSongs24/7,1417995,346,652992089
506,Entertainment,2015-06-30,Ghiền Mì Gõ,3445847,345,2029775211
507,Games,2016-07-08,Sub,2203147,1202,488979379
508,Music,2014-08-17,Guitar Record Official,1038256,80,519410254
509,,2016-03-25,Bouncing Baby TV,4884947,34,736100123
510,,2016-03-12,Lâm Vlog,1568321,416,448402316
511,,2016-11-10,La Rosa Hd,2998556,1502,1426535274
512,Education,2012-01-24,Grammarly,118662,89,1459194618
513,People,2017-02-10,Yeni Gelin,1317626,1237,1533574444
514,Entertainment,2016-08-26,Toy Art,2153081,106,212748693
515,Entertainment,2009-02-19,YEAH1TV,2789451,7581,1621958313
516,,2017-04-19,Candy Play TV Russian,1871629,234,471297387
517,People,2012-12-31,Daily Bumps,4229003,2068,3065460219
518,People,2016-08-28,Ibu dan Balita Indonesia,2184894,207,786007446
519,Music,2009-05-12,OneRepublicVEVO,5965716,144,4136432072
520,Entertainment,2008-12-10,Movie Talkies,4179731,19765,2639455000
521,Entertainment,2015-12-30,Tic Tac Toy,2218455,331,1096839919
522,Music,2015-07-02,DJ ALEX,1204561,284,422250590
523,Music,2009-04-30,Major Lazer,11672352,226,6132952912
524,Entertainment,2013-01-29,湖南卫视芒果TV官方频道 China…,2853915,36410,2627689555
525,Education,2015-11-23,أسرار لم تكن تعرفها,3110876,600,570563364
526,,2018-02-05,Purana Hindustan,0,25,428092705
527,Entertainment,2015-09-19,SuperHeroKids,2419573,199,1406501372
528,Games,2014-09-22,InquisitorMaster - My Gameplays are Kinda…,3515193,658,923706864
529,Music,2017-05-24,Gurjar Rasiya Official,741231,91,158261511
530,Music,2012-01-05,Biper y sus Amigos,2480712,45,795468855
531,Music,2012-10-30,CarlosVivesVEVO,3287908,98,3130692140
532,People,2016-06-30,Tia Dani,2101791,299,524171755
533,Music,2006-12-25,Awakening Records,6315855,521,2718031802
534,People,2012-12-15,AM3NlC,12283647,3803,3346568084
535,Music,2010-10-25,SBM Label,1356084,881,952450138
536,Shows,2014-11-17,КУКУТИКИ - Детские…,1589580,191,1492271479
537,Games,2013-08-17,HikakinGames,4011285,1396,3605639029
538,Entertainment,2015-02-17,TheDonato,3081689,652,329650619
539,Entertainment,2011-12-28,KBSKpop,2993743,15080,1614482874
540,Games,2013-11-29,شبكة العاب العرب | Arab Games…,3724444,2024,595318525
541,Film,2013-02-20,WildBrain en Español,1804140,1378,635267729
542,Games,2007-02-08,packattack04082,3163981,7622,4190929765
543,Music,2012-12-06,JamesAVEVO,2481218,61,1348331530
544,Entertainment,2011-09-30,AnAn ToysReview TV,2173987,172,1586705479
545,Entertainment,2016-01-02,JORAN ASIK,0,267,65432882
546,,2017-08-01,Junky Kids Tv - Learn Colors for Children,3506923,23,354130523
547,Tech,2010-12-21,Unbox Therapy,13388083,1492,2524610276
548,Film,2017-02-22,Omar & Hana - Lagu Kanak-Kanak Islam,1331303,140,596242538
549,Music,2016-02-02,COLORS,2407332,260,594035026
550,Entertainment,2008-11-27,SevenSuperGirls,9315517,2176,5454710115
551,Tech,2015-09-21,Made by Google,568524,119,125022064
552,Entertainment,2015-01-08,Scopian01,1844019,699,1559576961
553,Games,2012-07-10,GameGrumps,4904072,6447,4514210150
554,Entertainment,2008-02-05,Haschak Sisters,5704762,192,2655508461
555,Entertainment,2006-03-01,Wild 'N Out,3281142,380,1273285360
556,Music,2015-11-07,Riya Films,1642388,4054,589075735
557,Education,2011-02-26,The Infographics Show,3806536,736,683648338
558,Music,2014-04-25,GEazyMusicVEVO,4005201,113,2517965235
559,Entertainment,2009-05-22,SUNDRANI,1320684,5221,895053375
560,Music,2018-05-15,Juice WRLD - Topic,4833,34,7455394
561,Film,2017-03-29,Mythology Max,650666,147,103399842
562,Film,2010-05-14,Cromartie,58796,70,28119307
563,,2017-07-01,BADEMIN,204351,6,54648751
564,,2017-06-20,INCRÍVEL,8331750,1770,907260645
565,Games,2017-01-30,Senya ToysReview,2053573,92,603473918
566,Entertainment,2014-08-25,보겸 TV,2827272,8157,1215026325
567,,2018-02-22,Kadın,781857,1145,445230914
568,People,2016-06-06,Funny Vines,3854708,155,1209436202
569,Entertainment,2015-06-19,ボンボンTV,1593554,4848,2111726126
570,Music,2006-09-19,Little Big Town,556978,120,4263840
571,People,2014-10-29,SaneuB,1554231,47,273212174
572,Music,2012-09-29,ascadamusik,1695939,160,939407698
573,,2017-12-23,DANCE TO DANCE digital teknik,542252,112,147973932
574,News,2016-12-21,Breaking News India,0,613,547480662
575,Music,2015-05-20,FUNK EXPLODE,1497904,188,288608368
576,Education,2013-03-26,TiempodeSol,1878816,170,827281978
577,Music,2010-11-24,Venus Regional,3215694,2886,1063259141
578,Entertainment,2015-04-24,TheTalko,6702795,2141,2758057680
579,Music,2014-09-03,iKON,4265399,339,980906389
580,Music,2017-09-19,Zee Music Bhojpuri,1342550,180,257305371
581,Games,2016-11-22,Mobile MOBA Việt,3288401,2638,1280295824
582,Music,2016-04-11,Black Beats,1062457,526,546423296
583,Education,2017-01-16,Daftar Populer,3436379,1303,570248562
584,Music,2009-10-15,JuanGabrielVEVO,3031481,240,2840547681
585,Entertainment,2015-10-16,MasterChef Brasil,2306992,922,985308544
586,Music,2007-02-06,Red Hot Chili Peppers,4006914,138,3109420509
587,Entertainment,2014-11-13,Fizzy Toy Show,2211103,1091,1840366896
588,Entertainment,2015-08-29,Mimi Lissa,1262514,140,295287071
589,Education,2012-11-17,寶寶巴士 - 兒歌童謠 - 卡通動畫 -…,893703,1085,504892142
590,People,2015-07-10,Lovely Kids Thailand,2702152,619,1267125603
591,Music,2016-06-20,Aya Nakamura,1668045,13,514850623
592,People,2017-02-22,Hero Movies 2018,2795322,82,144313522
593,,2017-11-27,apple kids,0,77,576335568
594,Music,2010-02-19,PrinceRoyceVEVO,6039728,93,3093374719
595,,2017-01-27,MaKar & Nursery Rhymes Songs,1632238,232,447766307
596,People,2015-12-12,Rawan and Rayan,3389246,361,778917410
597,,2017-02-19,JK YADAV FILMS जे के यादव…,0,2443,791794211
598,Music,2015-07-20,AlfredoOlivasVEVO,1182615,10,179383153
599,,2016-11-12,Maha Cartoon Tv,1273509,431,304425850
600,Comedy,2005-11-26,Официальный канал КВН,4045389,7448,3041905738
601,Film,2013-09-24,3Palavrinhas,1454746,211,1012313601
602,Entertainment,2012-09-10,Telefe,2530134,67474,2103375584
603,,2017-03-07,Sonotek Official,4572603,859,1381115150
604,Entertainment,2015-11-04,Bublik Kids show,0,3,241765006
605,,2018-01-09,Fun With Alicia,1232902,61,289620181
606,,2016-12-16,Enzo Rabelo,1082313,2,188004634
607,Entertainment,2015-03-12,Paulinho e Toquinho,4370833,686,2420589111
608,Entertainment,2017-11-24,Tiana,3921419,159,812288871
609,Tech,2016-06-29,Motorola US,57623,50,48413548
610,People,2011-12-01,Deji,9783452,1607,3480168221
611,Film,2009-10-04,PhimTV,0,566,80044821
612,,2017-03-27,이상한 세계,0,233,91650377
613,Music,2014-08-18,Angle Music Official Channel,1747718,10068,652018239
614,Film,2016-12-23,BaBYBo,1620960,21,387313136
615,People,2014-08-30,Gibby :),8405861,134,1498066944
616,Entertainment,2015-11-02,Color Man,575503,1000,182687615
617,Music,2013-05-03,Emiway Bantai,1997305,90,179560201
618,Entertainment,2013-07-27,Bollywood Bai,1144186,5493,378427746
619,Entertainment,2016-01-09,Favorite Videos,547992,605,1085575740
620,People,2015-05-19,Katie Angel,8419454,314,913294730
621,People,2015-05-27,FP do Trem Bala,1754539,1169,325935985
622,People,2014-04-24,Odd Me Not,313992,418,117129182
623,News,2015-08-05,86 & Custom Protection NET,1684570,2840,787597994
624,Entertainment,2014-02-06,TellyMasala,2189401,10927,1002504605
625,Music,2009-03-14,Ferrugem Oficial,2243253,116,719554790
626,,2017-03-05,Sunny Live,78775,9,23900881
627,Music,2012-05-31,DADJU,2329764,43,661251867
628,Film,2016-08-29,Great Indian Comedy,1411431,90,133970656
629,Film,2014-07-21,СИНИЙ ТРАКТОР - Детские…,1438853,71,1004495939
630,Entertainment,2015-01-04,ЛитлБой Адам,1348041,103,405130044
631,Comedy,2012-04-14,SEPL VIDEO,1211533,11180,416127820
632,,2015-12-06,Mom of Sam,106526,132,32047229
633,People,2016-12-01,اليكي الحل,1060804,152,129805834
634,Music,2010-02-15,DJKhaledVEVO,5329987,42,2941207848
635,News,2017-01-01,dmc,2463869,67679,816509938
636,Entertainment,2012-11-09,NESCAFÉ India,366576,54,159924942
637,Film,2015-03-12,DC Kids,1325633,744,1036783362
638,Music,2007-09-02,Boyce Avenue,12109372,350,4392221670
639,Music,2010-08-09,CarlosRiveraVEVO,941982,146,936488609
640,Education,2015-09-13,스위트티비 SweetTV,1631641,874,631976781
641,Entertainment,2015-03-30,Equestria Girls Fans,0,179,38724306
642,Tech,2015-10-19,Technical Guruji,10668354,2004,944720669
643,Music,2011-12-01,Chanda,2876817,7369,804819085
644,Film,2016-01-04,Eğlence Zamanı,1493891,619,562547469
645,Film,2016-06-06,Bengali Fairy Tales,1426918,107,474351237
646,Entertainment,2015-05-20,Attessia TV,1398536,6753,615889676
647,Tech,2017-02-09,YASH KE EXPERIMENTS,1501671,137,274082404
648,,2016-02-08,Vidol TV,951121,922,555516418
649,Film,2011-05-26,뽀로로(Pororo),2766730,2437,3584097579
650,Music,2008-08-26,Nhac DJ,1033461,500,255796158
651,Entertainment,2016-03-15,Top Dingen,452214,106,167413359
652,Music,2010-12-13,Times Music,2902247,1023,942317283
653,Entertainment,2017-03-26,리원세상RIWORLD,1093424,335,377720666
654,Film,2017-02-26,Dolly Films,74663,19,22964236
655,People,2016-03-05,Master David,1378173,22,323031796
656,People,2017-02-09,ميلاد يوسف Milad youssef,1580782,1572,1555504806
657,Film,2012-05-25,Troll Punjabi,2606884,27,178219915
658,,2016-04-03,МАМА+,1060734,76,261941019
659,Entertainment,2012-12-10,tlc uk,1961299,1443,1131021594
660,Music,2014-08-25,Dj Alfonzin,861082,4870,714668129
661,Games,2015-09-29,Two Players One Console,1418852,1409,801940076
662,Film,2011-10-22,NH Studioz,1526274,935,559919414
663,,2018-07-22,हिंदी - Genevieve's Playhouse,299174,14,79923884
664,Film,2016-04-01,Alena Kids Toys,7321193,8,415913641
665,Games,2014-09-08,Lyna,4023100,2519,1578419832
666,Games,2015-05-12,Oops Banana,3102711,994,994396141
667,,2017-03-02,Learn Colors For Kids,998582,69,208373923
668,,2012-12-15,Andhika Gemintang,1825857,193,268755164
669,Music,2009-09-02,whitneyhoustonVEVO,2680976,61,2441700470
670,,2017-04-24,NoahsNoah,1538629,137,241231848
671,People,2017-05-08,naarkw نار,2148072,1001,744133500
672,Entertainment,2016-05-10,Mammyたまご,910312,597,726596090
673,Film,2014-09-19,Kids TV Baby,2971976,41,381302933
674,Entertainment,2014-09-08,VexTrex,0,334,187320711
675,,2017-07-31,Ganga Bhakti,2222648,258,181167467
676,Music,2014-05-19,Zee Music Marathi,2120469,1407,887753561
677,People,2016-02-07,Hoje é dia de Marias,2737111,580,538604304
678,Entertainment,2012-12-20,EL DEMENTE,2384904,325,266119862
679,Music,2014-05-09,Guitarzsk,807097,24,286570236
680,News,2012-12-17,Noticieros Televisa,823005,26026,494156320
681,Entertainment,2016-06-28,Rajasthani Gorband Music,1559470,4132,659133559
682,People,2015-10-09,Como dice el dicho,2396421,1031,894763094
683,Music,2011-08-12,Phong,45031,6,22227330
684,,2017-10-16,Shuya Zhao,6787,963,315405103
685,Music,2016-07-19,Unique Vibes,660195,479,347960885
686,Film,2015-02-04,WildBrain - Cartoons for Children,1234123,1907,564704304
687,Entertainment,2016-08-13,Borami Kids Toys,594397,192,191402536
688,Entertainment,2015-10-22,Toy Kids★トイキッズ,881557,884,1058552797
689,Entertainment,2013-10-02,AWESMR kids,4865783,1937,3485518011
690,Entertainment,2015-08-29,Logan Paul Vlogs,18654232,580,4155681701
691,Music,2010-06-30,FutureVEVO,4708637,147,2896679901
692,People,2015-08-18,Tinto Brass Фильм,161695,3,26210229
693,Film,2014-10-18,Invento na Hora,8595557,509,1248668942
694,Entertainment,2010-08-25,Moriah Elizabeth,1994313,176,305044343
695,Film,2008-01-17,Jungle Beat - Munki and Trunk,695865,156,250476593
696,Tech,2016-03-10,Primitive Life Style,587948,152,173031722
697,Music,2014-07-14,Km Music,1154159,187,718090118
698,Music,2012-01-09,Gustavo Mioto,3036888,39,1045488714
699,Entertainment,2016-06-25,Eagle Music Video Station,2507223,363,527482682
700,,2010-03-11,ArcadeG,920602,107,180523869
701,Animals,2015-09-10,SMG TUBE,142975,84,41551016
702,Travel,2015-09-25,INSIDER,3459576,6441,1722427430
703,Music,2016-08-22,SonoraDinamitaVEVO,404354,21,947000344
704,Entertainment,2007-12-06,DisneyChannelUK,3581635,2704,3472061138
705,People,2014-08-19,OneDayAlex,592144,240,219995106
706,Film,2014-10-09,SinemaGo,607556,741,215230248
707,,2017-07-27,Nickelodeon Россия,1390169,465,372471512
708,Entertainment,2011-09-04,Ubox Animal Vietnam,877225,129,189510920
709,Education,2014-10-20,שירים לילדים ופעוטות,74544,45,25087705
710,Entertainment,2007-01-31,Shemaroo Bollywood Comedy,2899238,1001,844843503
711,Howto,2017-05-17,Izabeloi,1506334,130,418435688
712,Film,2011-10-11,hasan 15m,482788,161,162019073
713,People,2012-06-03,ExtraPolinesios,11585787,274,2029258294
714,Entertainment,2015-12-27,Rans Entertainment,3043177,355,384128808
715,Games,2016-12-14,Belgas TV,2703599,658,221697346
716,,2016-06-08,Dolly's Stories KIDS,1713508,160,384803156
717,Education,2017-06-20,Fun Baby Show,1408377,84,222322660
718,Music,2016-04-22,SuperbLyrics,1459015,573,525268923
719,,2018-01-19,Ideas en 5 minutos NIÑOS,1724290,956,233066723
720,Music,2014-03-20,DeStrian,0,102,27151073
721,Entertainment,2007-02-28,Vat19,5747279,1320,4667334013
722,Music,2012-03-16,SRK MUSIC,2250665,3087,861251646
723,Film,2010-07-26,Baby TV كتاكيت بيبي,1387653,51,388806741
724,Entertainment,2014-11-20,Programa Pânico,7795967,3368,2692352391
725,Music,2010-12-20,Capital FM,2876855,2212,1336602022
726,People,2015-12-09,Vosso Canal,3807732,1124,555714811
727,Entertainment,2016-08-25,BakLol Video,3220858,106,456721714
728,Film,2016-10-13,Cartoon Studio,2594456,31,687909580
729,,2017-01-15,The Q,5962935,123,1647428386
730,Autos,2014-06-27,TOYOTA GAZOO Racing,67708,1160,97347171
731,Music,2011-06-03,LP,1495374,100,772157835
732,,2016-06-04,Thibaan Channel,2063996,257,999387824
733,Games,2010-11-06,ぺいんとチャンネルゥ,1062472,829,521304216
734,Film,2015-01-17,Bananakids by Totoykids,2016736,298,999844047
735,People,2017-01-18,Arif muhammad,1695063,67,159699510
736,Entertainment,2012-03-09,Santa Songs,0,482,1824584599
737,Entertainment,2012-04-03,Azteca Novelas,2983013,8562,2110983079
738,,2017-04-03,NCT Vlogs,746270,89,228907765
739,,2018-06-11,UP Tak,818936,2809,120431953
740,People,2012-01-30,Jana Tube,1145315,14,311913578
741,Film,2016-03-15,Мульт,1420443,852,1027370583
742,Games,2012-07-12,FaZe Rug,10682541,1372,2081513687
743,Games,2011-07-13,TazerCraft,10681416,3050,3643515523
744,Music,2006-12-13,IMPERIA,1013418,130,1177722052
745,,2017-12-14,BabieToys CAF Network,1339033,213,266364700
746,Music,2014-03-07,New Michael Jackson,551476,352,157009471
747,Entertainment,2015-10-21,Las 2 Muñecas,1582123,735,667221829
748,,2016-02-21,Hakai,1129510,661,517392316
749,Music,2017-04-10,NachoVEVO,3666868,13,1570940532
750,,2016-09-16,VieShows,869227,1359,438773815
751,,2017-02-14,BINBIN,0,9,298782170
752,Entertainment,2009-10-16,welovekamikaze,6497710,1868,3247553912
753,Music,2014-06-09,T-Series Telugu,2085275,3173,1194927957
754,,2016-11-16,TWO SUPER SISTERS,1891644,240,599262466
755,Music,2016-03-14,MauyRickyVEVO,522479,21,328008048
756,Entertainment,2015-10-29,Eagle Home Entertainments,3341975,22038,1146484338
757,,2017-08-17,SPN9NEWS सामाजिक आईना,1370007,28591,284475269
758,,2017-12-19,SheckWesVEVO,25474,2,113406027
759,Music,2013-01-19,Mightyraccoon!,889786,100,162060536
760,Entertainment,2015-03-06,БАРДАК ТУТ,744896,21,42526936
761,Entertainment,2016-09-09,The World Adventures हिन्दी,7483866,350,1007969237
762,,2016-03-02,Tayo Bahasa Indonesia,163267,44,37630009
763,Music,2009-09-05,twenty one pilots,7859736,105,1546793911
764,Entertainment,2015-03-17,Sihirli Annem Bir'iz,188312,331,139725054
765,Entertainment,2017-01-21,Enterr10 Music Bhojpuri,1675174,235,586453364
766,Education,2016-11-02,Bamboo Art,210657,906,20563657
767,Film,2011-09-08,iVideos,1402216,2475,933656882
768,Howto,2017-10-30,BRICO SYMPA,971206,1379,195140092
769,Music,2009-05-12,FatherVEVO,14309,42,22269587
770,Entertainment,2016-03-16,TikTak Draw,4658328,486,690761222
771,Education,2015-12-18,Super Kids TV,3401275,258,1760812110
772,Entertainment,2015-03-04,GEN HALILINTAR,4732688,361,912953891
773,Music,2017-07-02,Banglar Rs Music,1023224,699,426307383
774,Entertainment,2015-01-27,Matheus Yurley,8102110,182,427913386
775,Film,2016-09-07,Fancy Frog,1370198,21,401696243
776,,2017-04-26,Chand Ali,0,8,20420523
777,Entertainment,2006-06-29,America's Got Talent,9053448,1874,2166503085
778,Film,2006-07-10,Monde des Titounis,2681608,633,2474011388
779,People,2015-01-22,Las Aventuras de Dani y Evan,756417,336,346530496
780,Education,2016-02-09,Candy Play TV,2875047,375,1050781297
781,Film,2005-12-05,Tayo the Little Bus,3516021,1322,3285943464
782,Film,2013-02-19,BestOfTontoDikeh,2119782,1966,621638567
783,,2014-02-24,The Silent Love,708480,202,133968242
784,Entertainment,2013-05-22,Chiquititas SBT,3600725,1455,1845558398
785,Entertainment,2011-11-14,팬케이Pan K The Pancake Artist,417126,313,61966235
786,Film,2017-11-08,Wow Kidz Action,1588543,847,484356650
787,Entertainment,2008-02-26,truTV,1816471,4431,2050995716
788,Music,2015-06-02,KARAOKE TIẾN TÀI,0,1347,537296072
789,Film,2015-06-15,Kara Sevda,1821964,1723,1509484231
790,People,2014-09-30,NESCAFÉ Dolce Gusto Thailand,14412,52,41946436
791,News,2012-05-07,Канал Украина,1588525,12885,1323814745
792,Entertainment,2009-04-16,꼬꼬스토이 CoCosToy,695807,834,379323148
793,,2012-10-16,Hmoob Xov Tshoj,200778,276,63266324
794,Music,2009-10-15,BritneySpearsVEVO,5208441,99,4569853191
795,,2018-02-11,Awadhesh Premi Official,1466662,277,368018889
796,Music,2016-09-23,КАZКА,445978,46,216435707
797,People,2017-06-06,Dobre Brothers,5166058,154,788223641
798,Entertainment,2016-02-21,Lama Faché,4485853,637,1002541273
799,Music,2011-05-14,Sanjivani Bhojpuri,2163076,12787,650643608
800,Games,2016-03-10,Denis,6602726,1759,2503786231
801,Comedy,2013-09-17,Un gars une fille | Officiel,475449,588,428122060
802,Entertainment,2012-07-20,Nestle Thailand,70572,244,233614786
803,,2015-06-19,Phương Phương channel,0,170,163608660
804,Film,2007-12-07,Disney UK,3669363,1174,2898525742
805,Comedy,2015-09-08,Team Edge,5205407,463,1585658993
806,,2016-06-22,Phim Siêu Nhân Nhật Bản,1415500,990,1013923255
807,Music,2016-01-20,Bryant Myers,3579937,45,781773844
808,Music,2014-04-01,Illslick thelegandary,2892020,103,1442243062
809,Entertainment,2007-08-12,Bollywood Babes,1801858,739,1250400640
810,Entertainment,2016-01-14,Nicki Swift,1715514,1118,1078189833
811,Education,2015-03-09,YtCrash,3923108,888,1308714350
812,Entertainment,2016-09-27,The Inner Studio,2882080,727,791645616
813,Entertainment,2015-05-12,★ Kids Roma Show,5903578,449,1458334566
814,Film,2014-06-25,Фильмы и Сериалы Студии…,1192674,348,1431886615
815,People,2016-01-11,Fizzy Fun Toys,2188373,416,1531974108
816,Games,2014-11-28,Red Arcade,2993833,270,819976417
817,Film,2008-02-11,emmachamberlain,4,1,345
818,Sports,2015-08-07,Cracks,3844668,1180,1217590038
819,Music,2012-02-23,Everest Marathi,736380,1472,317842376
820,,2016-09-15,RubyandBonnie,549012,138,146354739
821,Music,2008-05-18,Elmircom,495942,336,193793574
822,,2016-07-23,1 Million Creation,880005,156,108770854
823,People,2015-11-15,MLP Pony HD,0,186,163225695
824,Film,2013-10-30,La Brujita Tatty - dibujos animados,2019502,46,622775311
825,,2015-11-25,8D TUNES,4551459,121,226699174
826,,2016-12-19,ladyTV Online,593135,932,112156941
827,Travel,2017-01-14,Scn sujla,435244,706,80062535
828,Music,2015-10-27,MelendiOficialVEVO,956776,55,745914371
829,People,2013-05-22,沈采蓉,430517,544,152355604
830,Film,2016-10-04,České animované detské pohádky pro děti…,851212,110,234041958
831,People,2009-10-30,Touhid,0,239,24718038
832,Education,2016-09-09,BabyBus - 子供の歌 - 子どもの動画,704147,886,430053414
833,Entertainment,2011-11-07,TVBUSAofficial,409720,14594,555989793
834,Animals,2016-08-15,Dusama Rhymes TV,0,442,62766582
835,Music,2012-11-20,Fresh Media Records,2623988,146,788538005
836,Music,2016-06-20,TPM - Top Persian Music,337502,2996,268751315
837,Games,2012-03-10,KingCodShots,135347,3687,19399263
838,Music,2011-08-18,Ram Audio,1426251,2517,546436197
839,People,2015-05-29,عصابة بدر Badr_Family,1843151,313,396150618
840,Comedy,2012-05-23,TGFbro,4498586,397,826716026
841,Education,2010-01-04,The King of Random,10642984,795,2079862572
842,Film,2011-09-23,Larva TUBA,4127894,1393,1977587821
843,,2016-08-27,科幻梦工场,287545,235,132534681
844,Film,2015-05-15,Toy Caboodle,929158,699,320368572
845,,2017-06-29,Maha Cartoon TV XD,1460233,95,316284135
846,Games,2014-02-01,DeGoBooM,4221197,1557,1126221589
847,People,2017-04-29,Interatividade De Pessoas,103715,12,52473707
848,Education,2015-10-18,Toy Jelly,2651023,1332,940092880
849,Games,2015-08-15,PORKMODZ,945617,1265,399938017
850,Entertainment,2009-05-15,Ching's Secret,203638,346,76632095
851,Film,2012-02-22,WatchMojo Español,5183990,1260,992946737
852,Entertainment,2016-06-29,MasDivertidoTV,783937,721,311163898
853,Music,2009-05-12,PitbullVEVO,10099334,194,7543277574
854,Comedy,2009-07-06,ashish chanchlani vines,9044744,122,780610658
855,Film,2012-12-11,CinemaSins,8219048,683,2539830026
856,,2017-09-08,Shining Videos,0,53,96095382
857,Entertainment,2016-05-14,Amelka Karamelka,1020146,375,575046592
858,Entertainment,2013-11-06,TOYSBR Parque dos Brinquedos Surpresa Brasil,3685196,877,1875438800
859,People,2014-07-30,Whatsapp Videos,0,97,19134337
860,,2018-06-07,أسميتها فريحة - Asmeituha Fariha,377345,185,164337623
861,Music,2016-03-22,XXXTENTACION - Topic,115842,79,358514822
862,People,2011-07-28,Nathalya Mendes,455961,7195,374728238
863,Music,2017-05-05,Khatulistiwa Record,0,156,249825459
864,Music,2006-12-06,TopNotch,1406463,3386,1963455820
865,Entertainment,2016-05-28,SOUND Effects Public Domain,12896,0,18981151
866,Music,2016-03-31,ShowBusiness,720705,143,411305024
867,,2013-06-02,LAC TV,1373931,40,341904884
868,News,2015-06-04,ANTV - Truyền hình Công an Nhân dân,1792849,23887,1313053808
869,Film,2015-04-02,Chim Xinh Channel,1331794,1417,502627056
870,People,2014-09-05,FAM JAM,2652261,110,546073489
871,,2016-07-17,Kaycee & Rachel,464509,171,127229600
872,Music,2015-12-30,BIHARIWOOD - बिहारीवुड,1882209,6662,773723835
873,Entertainment,2011-01-19,Lewane TV,554316,227,33587877
874,,2017-08-08,Ksysha Kids TV,0,69,331079513
875,Travel,2009-02-02,Mark Wiens,3290242,911,607606615
876,Entertainment,2015-02-13,So Effin Cray,3439088,95,511854100
877,Games,2015-11-16,Clash Royale,5892166,357,688503383
878,Entertainment,2011-01-28,AIS,366804,1723,605592706
879,,2018-07-03,Min Min TV Minh Khoa,78615,60,34637313
880,,2007-06-01,سوبر سمعة,817674,99,304592007
881,,2016-11-05,toptenfamous,960939,766,452910680
882,,2017-04-17,ABC KIDS TV,0,51,300524943
883,,2017-01-26,Backhoe Toy 빽호토이,690060,223,255052883
884,News,2012-07-18,關鍵時刻,1316486,16212,1153445266
885,Film,2015-08-31,Prens Yankı,900497,981,560802887
886,,2015-10-27,Bridgestone India,5743,43,35989390
887,Education,2015-03-25,My Superhero Rhymes,2399218,127,591150280
888,Music,2014-02-10,NFVEVO,1673845,58,883128080
889,,2018-05-21,Panda - Pubg Mobile,272205,105,39954898
890,,2017-03-13,3T Nerf War,0,316,238206984
891,People,2017-05-09,Dimas Gepenk,641810,12,36722671
892,Music,2010-05-31,MattyBRaps,11011947,240,5119950774
893,,2017-03-29,AP24x7,425302,27285,182242726
894,Entertainment,2016-12-18,Khandesh Fun,2857899,58,512675345
895,,2018-04-19,Wow Cartoons,778054,254,281985940
896,People,2016-02-08,My little Nastya,1449419,489,526959503
897,Games,2013-01-27,Demaster,2592678,4175,445170810
898,,2013-07-04,Follow Me,1996078,98,504815232
899,,2017-03-11,Heroine Movies 2018,1990799,80,196693622
900,,2018-02-19,The Studio Space,463483,71,219941378
901,,2016-10-18,Garena Liên Quân Mobile,2625495,2186,469880570
902,Film,2015-12-09,Песни Для Детей .tv,1232833,70,729463898
903,Music,2016-02-16,G Series (Music),1988572,2144,439928556
904,,2017-10-09,Cennet Kuşlarım TV,786259,156,194148273
905,,2017-12-11,Maşa İle Koca Ayı,926420,122,293266555
906,Entertainment,2012-11-28,Nickelodeon India,1222710,296,561507607
907,Entertainment,2016-06-22,Primitive My village,602674,185,130645961
908,Film,2016-09-21,Filmistaan,1979753,306,629358829
909,People,2016-05-14,Vj Jk,69771,22,18340480
910,Music,2010-09-11,FrenchMontanaVEVO,2436914,33,1613050772
911,Entertainment,2008-03-02,SuperLuigiLogan,2853858,255,515839624
912,,2018-01-31,YOYO DODI,852743,212,358031909
913,Music,2012-06-04,7 Minutoz,5324451,348,891435826
914,,2017-05-16,ماشا و الدب,1510334,123,430558092
915,Games,2006-11-27,theRadBrad,9728409,5845,3792427367
916,Entertainment,2011-10-13,TVCHOSUN,699047,37067,1164495785
917,People,2015-11-11,LOVE GAME,0,51,166199465
918,Games,2010-05-05,兄者弟者,2382925,4385,2146369057
919,News,2015-03-24,Oneindia Hindi | वनइंडिया…,2599979,34636,836062213
920,Entertainment,2006-07-21,Canal 13,1522033,24806,913395488
921,News,2006-04-11,TVBS NEWS,728193,168920,1219474649
922,,2018-07-13,Ayşe Yıldızın Dünyası,265443,28,103982008
923,,2017-06-03,Fakta Populer,1641876,657,239389749
924,Entertainment,2015-03-17,"Fran, Bel e Nina Kids",2734070,597,485833534
925,Education,2014-12-26,BestTop PS4 Game Alltime,0,653,18188085
926,Education,2014-12-22,Toy Factory,1041503,322,512988638
927,Games,2011-05-04,SpJockey,961740,2065,651461203
928,Entertainment,2014-02-25,ToysYJuguetesTV,4874357,773,1637716707
929,Howto,2008-04-29,Bon Appétit,2932592,874,448118693
930,Entertainment,2013-07-27,Earth,3430103,34,382266725
931,Entertainment,2017-06-11,Super Kids,2801517,38,633905779
932,People,2013-12-14,Alex Boyko,4199407,498,1062043910
933,Entertainment,2008-01-21,Movistar Chile,55419,831,156662831
934,,2016-12-24,Homemade Upachar,0,173,92877798
935,,2018-02-15,Kids Toy tv,1757,48,19732051
936,Film,2017-08-04,AnimaCars,35611,34,18044074
937,Music,2008-06-27,飄然出塵,9139,1659,18059759
938,,2017-07-27,Royal Rajasthan,243559,36,54055420
939,Comedy,2014-06-23,東海オンエアの控え室,1915456,1073,935693926
940,Entertainment,2012-08-24,Matt Stonie,6691475,328,1212541083
941,Film,2015-07-21,CanalKids - Tatá e Henrique,3925381,991,1181691531
942,Entertainment,2006-07-06,SVF,2421805,755,1110831910
943,Music,2009-09-02,justintimberlakeVEVO,6721783,65,3709533461
944,People,2013-07-09,Viih Tube,7175190,420,496360316
945,Entertainment,2014-03-14,RK Duggal Studios,2610777,643,674352170
946,Nonprofit,2010-01-30,Jubilee,2117117,352,271654556
947,People,2014-03-20,Knowledge Tv हिन्दी,2095157,193,268201936
948,Music,2013-03-04,lesliegraceVEVO,519473,22,542932058
949,People,2014-08-15,J House Vlogs,1572722,1259,1338515614
950,Howto,2016-09-01,We support you,1171623,2579,434408855
951,,2017-12-23,NRS RAJASTHANI MUSIC,835125,202,287620533
952,Film,2016-07-26,Natkhat TV Hindi Tales & Rhymes for Kids.,1401253,137,496384688
953,Music,2014-01-13,DreadMarIVEVO,922255,69,723009521
954,,2017-12-18,Freememeskids,1196211,42,214300686
955,Entertainment,2009-12-08,Deddy Corbuzier,2753024,244,285235025
956,Entertainment,2015-02-17,MBC THE VOICE KIDS,4799999,301,3061713114
957,People,2015-07-16,An Ninh Thế Giới,1092160,6768,736323212
958,Entertainment,2011-02-21,SBS Entertainment,1995344,202349,1609651369
959,,2006-07-20,Tom and Jerry توم و جيري حلقات…,64103,43,60632035
960,Entertainment,2014-05-27,TV-People,1740506,11817,1739599552
961,Games,2011-03-05,Скорти,2077754,1413,693694056
962,Entertainment,2013-07-07,Alhayah Series TV,2482763,5768,1304314600
963,Games,2010-11-29,TBNRFrags,3448763,1756,598454964
964,Music,2015-10-27,KaneBrownVEVO,726761,57,745449003
965,,2013-10-08,Tin Siêu Còi,832917,606,693229984
966,Tech,2009-03-03,Indeed,0,387,181423657
967,Entertainment,2009-11-05,Coisa de Nerd,8946863,1812,2337082768
968,,2018-06-10,MM Playlist,161248,33,71268934
969,Comedy,2012-02-23,CILIO,2696296,501,346041122
970,Games,2016-04-24,GamerGirl,2686795,1224,900179378
971,Entertainment,2015-01-12,Nickelodeon UK,1536240,1455,1043143833
972,Tech,2009-06-18,Waze,95926,281,116499067
973,Entertainment,2013-12-23,Telly Tweets,752510,5119,284755281
974,,2017-03-13,KARAMBIR FOUJI LIVE,542206,374,157196043
975,,2016-12-18,Pinky and Panda Toys TV,748858,115,307967496
976,Education,2010-11-10,Cielo,54232,257,109879877
977,,2014-09-16,HooplaKidz Italiano,1004207,158,178065545
978,People,2016-11-25,Damas Gratis Oficial,727992,23,303465906
979,,2015-02-25,Talkshow tvOne,267742,2264,81543654
980,Entertainment,2016-03-04,フェルミ研究所,564864,368,197355901
981,,2018-01-20,Coloring And Puzzles With Tia,651483,313,982001
982,Entertainment,2009-03-24,Joey Ryan,280923,892,143984604
983,Film,2015-07-09,Kiralık Aşk,1257451,1375,1886421202
984,News,2016-09-20,HINDI LIONS,0,3606,145618049
985,Sports,2013-08-27,MAXIMUM MMA,397025,654,279633454
986,Games,2013-07-22,ポッキー / PockySweets,2312419,2176,2003069438
987,Film,2014-06-09,优优独播剧场——YoYo Television…,1202358,10749,903417028
988,,2017-08-17,IR GAMES,569296,552,161840648
989,Music,2006-11-28,Macklemore LLC,6744675,128,3246905602
990,Music,2009-12-09,TheBeatlesVEVO,1351689,45,997562227
991,Film,2006-08-10,ONE Media,1856594,3165,1901919496
992,Music,2010-01-31,AlejandroSanzVEVO,1013540,78,693265658
993,Entertainment,2016-05-04,NTN Vlogs,5893135,215,1052072934
994,Comedy,2014-12-27,CJ SO COOL,6239622,711,1198622654
995,People,2012-12-17,Majid Hussain Tv,651730,19,150955265
996,Education,2010-04-03,Acne Treatment,0,735,639834754
997,Film,2013-12-23,Unutulmayan Diziler,731020,3368,823005054
998,News,2005-12-21,The Young Turks,4215680,35045,4525759738
999,Entertainment,2017-01-23,Children's Colors,1518817,91,345101589
1000,Games,2016-07-27,Garena RoV Thailand,2156219,1010,450235891
1001,Howto,2010-09-09,Wengie,12988258,217,1280864222
1002,Entertainment,2014-07-11,Totally TV,2939161,628,711071013
1003,Entertainment,2014-12-06,Stuberi,746572,846,309354394
1004,Music,2012-05-07,Lucas Lucco,5424616,93,1409591015
1005,,2017-10-12,Aya Nakamura - Topic,1911,61,60727926
1006,News,2008-01-16,GQ,2883025,2236,970080250
1007,People,2016-09-13,Daniel Gro,2636778,54,318219085
1008,,2018-01-25,DC Kids Latino,494222,174,208270139
1009,Music,2017-03-03,DSA RECORD,779660,156,384142223
1010,,2017-09-04,nOone Channel,742083,213,142208517
1011,,2014-02-19,Brincando com o Rafael,547129,84,114649370
1012,,2017-07-03,SYMPA,2600569,1383,412968265
1013,Music,2008-03-15,Simon Christensen,157231,153,132769021
1014,Entertainment,2016-08-10,MovieTrailers Entertainment,266103,401,151724319
1015,Education,2012-05-08,Melliart,4307272,91,717028463
1016,Games,2016-10-04,LispyLeaf,847856,489,64685961
1017,,2018-07-25,Business Dubai,15583,9,100793165
1018,,2016-05-31,Shin bút chì Fan VN Club,952149,437,625291610
1019,Entertainment,2014-10-29,TheThings,3450392,1025,846844005
1020,Music,2013-08-19,Alee mtz ceja,528095,36,482176062
1021,Howto,2011-12-08,HowToBasic,12441405,488,1998876941
1022,Entertainment,2017-02-10,People Are Awesome,1075239,68,361760519
1023,Music,2011-07-20,BB MUSIC,774288,82,294644224
1024,People,2016-04-19,Fabelle Exquisite Chocolates,11103,93,75451729
1025,Music,2016-09-27,unknown boy varun,742606,21,127471402
1026,Howto,2015-11-21,제이제이 튜브 [JJ Tube],769456,425,536289549
1027,Tech,2016-04-29,WowShow,2089816,235,647839757
1028,Music,2010-03-04,GaitherVEVO,898687,2848,964058408
1029,Music,2015-08-26,Hichem Smati,1920607,137,533723159
1030,Music,2009-01-04,Step Records,2804663,2156,2514649175
1031,Film,2016-02-20,THVL Phim,1647458,8694,1569116954
1032,News,2009-09-22,BBC News Hindi,1199273,3594,163298462
1033,Comedy,2013-02-23,Ali Athab,1833832,392,170363368
1034,Film,2016-08-02,Bollymania,0,339,150132946
1035,Film,2016-04-28,• Gerand •,287018,101,104008729
1036,Games,2015-04-10,KRK Studio,0,1265,635029640
1037,News,2015-07-30,DesiFeed Video,1957849,60861,861864962
1038,Music,2009-05-12,LilWayneVEVO,4997050,38,2431111348
1039,People,2015-10-02,Oum Walid,3822415,755,892393486
1040,People,2008-08-18,Duracell,92192,46,94429265
1041,,2017-08-09,Wrestling Zone,1912069,182,472846567
1042,Music,2015-03-19,Doğan Music Company,555760,12578,796093261
1043,Entertainment,2014-10-10,TrendingPranks,1326947,493,629112518
1044,,2011-07-01,Boong Candy - Nursery Rhymes,0,69,13871303
1045,Music,2018-01-30,Juice WRLD,1855100,36,410928675
1046,Entertainment,2006-04-07,BollywoodHungama.com,1117114,20743,436019167
1047,Film,2016-03-21,Cuentos y Canciones Infantiles,1651550,215,565254463
1048,Entertainment,2014-01-13,Yes Theory,3177493,255,309553871
1049,Film,2014-02-18,RAJAWALI TELEVISI - LANGIT RTV,864131,1655,263433188
1050,Music,2017-01-06,Cem Adrian,684770,318,311746929
1051,Entertainment,2014-12-08,My Mate Nate,5975909,618,1141360034
1052,,2015-11-30,Kids Media,646788,40,172886632
1053,News,2011-05-19,TV5 News,1235753,135485,827778347
1054,Music,2009-12-21,Rels B // Flakk Daniel,1472301,88,481865922
1055,Film,2013-11-09,Kinder Surprise Eggs Rustama,653562,785,520466285
1056,Music,2009-09-02,BrunoEMarroneVEVO,851936,173,912194755
1057,Film,2009-02-07,Big Animation,1166220,325,499650681
1058,Music,2009-05-12,NellyVEVO,2589850,36,1921046902
1059,News,2013-10-30,First India News Rajasthan,528182,20372,116305636
1060,Autos,2010-12-27,AcademeG,3166383,471,609808356
1061,Music,2009-05-12,EduardoCostaVEVO,1182333,94,819115542
1062,Entertainment,2016-11-08,BreakMan,3480973,214,507108084
1063,,2013-02-21,SK하이닉스,115773,106,188499447
1064,News,2011-08-21,MobileNews 24,695164,1919,165047658
1065,,2018-05-18,LYRICS / LETRA,248169,77,98636987
1066,Entertainment,2017-03-21,Crazy Mr.Hacker,464294,165,134704311
1067,Games,2015-05-16,まいぜんシスターズ,332852,674,128918151
1068,Entertainment,2016-06-22,AGUGAI,641633,893,354200137
1069,,2017-11-04,Mini Anima,438008,45,130886441
1070,Music,2010-04-28,Peter PlutaX,2031999,1468,859770272
1071,Entertainment,2016-04-02,Fortnite Compilation,0,263,147549230
1072,Entertainment,2012-08-23,Dancing With The Stars,775289,1111,306048726
1073,Comedy,2016-02-20,Rodrigo F Gamer Respeita,1122988,121,44216573
1074,,2017-04-06,Hoạt Hình Cartoon,0,299,126188238
1075,People,2018-05-30,FastGo Vietnam,563,22,38569383
1076,Entertainment,2011-12-31,Luan Palomera,5746462,614,738875222
1077,Entertainment,2010-12-09,India Forums,1120494,10589,443878423
1078,Comedy,2015-12-09,Weekend Fail,65311,64,29230240
1079,,2016-11-27,Casi Bebes,1702598,119,555197253
1080,News,2015-09-16,National Dastak,2151357,9236,470807043
1081,Music,2009-05-04,Honiro,800176,1392,509255690
1082,,2017-03-09,Kids Entertainment,1238452,62,182143518
1083,,2017-12-18,माशा एंड द बेयर,383819,97,105475619
1084,Sports,2006-02-23,IMPACT Wrestling,2018827,13686,1474873336
1085,Music,2014-02-18,ICH FIND SCHLAGER TOLL!,536876,327,634429167
1086,,2013-03-26,Peppa Pig Oink Oink,123241,130,36694050
1087,,2018-07-04,مغامرات عائلة محمد,245963,47,42814852
1088,People,2017-12-28,ساري جاد GAD TV,1083530,243,125828609
1089,,2017-05-22,Jiya's vlog,224903,169,34935696
1090,Music,2016-05-18,Tohaar Bhojpuri - तोहार…,1612709,3325,522620043
1091,Games,2015-11-25,PlayAndroidGames,275021,605,106346200
1092,Entertainment,2014-11-08,공대생 변승주,1838677,952,617505959
1093,People,2015-07-17,TheMoshayaFamily,889803,126,309586462
1094,Games,2012-03-18,Furious Jumper,2246414,3016,1168039036
1095,Howto,2008-08-30,TsMadaan,6562013,1453,680908667
1096,Film,2016-06-06,Thai Fairy Tales,1266025,107,410683381
1097,,2017-04-09,Black Eyes,26574,508,12173716
1098,Sports,2015-10-04,Unlimited TV,425889,517,202261099
1099,Games,2012-06-11,xxYjYxx,1427543,231,160815784
1100,Entertainment,2009-08-28,iPantellas,3996671,316,1284617547
1101,,2009-07-27,Animals SIPI,92733,56,20874263
1102,Music,2012-02-20,Yeison Jimenez,732165,219,493486064
1103,People,2017-04-08,PowPow Channel,198066,46,68934589
1104,People,2015-12-28,Tarang Cine Productions,953013,406,348448883
1105,,2018-01-16,GreeicyVEVO,823496,3,391483408
1106,Education,2007-02-13,FUNTASTIC TV - Kids Songs and Nursery Rhymes,1997075,309,1309939199
1107,Games,2016-10-16,Twitch Moments,639229,799,225522052
1108,,2016-09-28,Rabbids Invasion,68204,197,28810929
1109,Entertainment,2015-11-19,Viral Track,702739,2492,209634415
1110,Games,2006-06-15,Angry Birds,2693724,1736,3824568997
1111,Entertainment,2016-02-01,Princess Granny's World,664887,838,516624861
1112,Education,2016-06-10,Pueblo Teehee - Canciones Infantiles,782220,195,292190512
1113,Entertainment,2016-03-30,Awesome Animals,238294,86,78816215
1114,,2017-06-07,Pica-Pau em Português,2259628,288,493675551
1115,Music,2009-05-12,AbbaVEVO,1014911,36,1446629712
1116,Howto,2017-11-27,5-MINUTEN TRICKS,514726,1258,111214017
1117,Autos,2013-10-18,Toyota Motor Thailand,115172,820,230564586
1118,Education,2015-01-15,Baby Fun Learning,1880707,950,713252881
1119,,2017-11-21,Shivani Ka Thumka,712232,66,224527605
1120,,2017-01-29,Kh Wilderness,280430,162,86597148
1121,Education,2016-06-17,Edu car toy school,1201843,916,616733142
1122,Film,2016-05-04,きょんくま,467070,656,205202031
1123,Entertainment,2012-12-28,Х-Фактор,933295,3282,881206575
1124,Tech,2013-10-02,Huawei Mobile Colombia,105271,1707,130135165
1125,,2017-09-07,Jess No Limit,4139038,343,396928906
1126,People,2015-12-08,玩乐三分钟,553139,889,505782920
1127,Entertainment,2015-12-21,Creative Traps,321707,79,93939144
1128,Music,2017-01-04,Best Moments EVER,898982,192,467331566
1129,Music,2010-10-27,ภูไทเร็คคอร์ด,279791,405,103552946
1130,Games,2010-05-26,St3pNy,3557275,4096,1651981969
1131,Entertainment,2013-01-20,PTC PUNJABI,1769833,6258,669956204
1132,,2017-01-19,MasterChef Thailand,1389197,625,429227464
1133,Music,2016-08-26,Chetak Haryanvi,1378130,1011,361540205
1134,,2016-06-26,Thơ Nguyễn,893111,456,434591038
1135,Games,2017-04-19,ErasedXoldo,28181,202,36167324
1136,Games,2013-09-14,MM7Games,3475234,3372,1526392505
1137,Entertainment,2017-03-29,Filmy Sins,2312009,86,221339472
1138,Entertainment,2015-10-23,Ellie Sparkles,1450699,783,909511938
1139,Sports,2014-07-14,Entel Perú,70812,853,109153092
1140,,2017-11-05,Lil Baby Official 4PF,1148039,11,209669759
1141,Film,2014-04-24,Monica Toy Official,672491,217,374424680
1142,Entertainment,2016-05-22,Chills,2909384,152,416998271
1143,Comedy,2011-04-08,CanalCanalha,17756080,201,1224579466
1144,Entertainment,2016-03-09,Mediaset España,365133,753,181637173
1145,Comedy,2015-06-25,Brian Sobrevilla,2895153,219,223139490
1146,Comedy,2010-08-12,America's Funniest Home Videos,1318190,4300,619249400
1147,Music,2006-04-13,Epitaph Records,2177908,3067,1581344226
1148,Film,2011-04-19,Disney Junior FR,1253426,2606,1051064677
1149,People,2013-09-22,Mo Vlogs,6635143,1325,1730806560
1150,,2017-02-16,Daily Culture,234248,2025,117653893
1151,Music,2014-06-17,KendjiGiracVEVO,1829914,18,1183085677
1152,Entertainment,2011-02-23,Robin Schulz,2635124,237,1865182837
1153,Games,2013-11-07,Annoying Orange Gaming,1988358,1918,1319516492
1154,Sports,2013-07-27,442oons,2226468,966,1340270909
1155,Comedy,2014-04-24,Noor Stars,9564772,386,1084674460
1156,Entertainment,2015-11-07,Mundo da Vivi,4415267,279,624572017
1157,Sports,2015-07-18,SportsHD,1833544,258,529161152
1158,Games,2012-09-04,Drewsmc,1012899,1601,146725614
1159,Entertainment,2014-09-17,Mari Maria,5918328,484,381202582
1160,Music,2014-08-24,Carolina Ross,1631307,197,475321103
1161,,2017-03-02,Tospik Tv,1402406,159,399015582
1162,Music,2016-04-16,1Kilo Oficial,5260013,119,983559992
1163,Entertainment,2013-08-21,Marodi TV Sénégal,1048829,1884,455745598
1164,People,2016-03-07,QueenTubeTH,2459972,433,502746293
1165,Entertainment,2008-09-09,Yeah1 KARAOKE Nhạc Tuyệt Đỉnh,90673,156,54779982
1166,Games,2014-01-13,Erpan1140,2479473,726,510592294
1167,Entertainment,2014-07-06,Ryan Upchurch,1196873,168,501407029
1168,,2016-07-10,INDO MUSIC PLATINUM,1340849,129,272970329
1169,Music,2011-04-15,Leandro Borges,1325458,75,245698991
1170,News,2015-06-10,Official iNews,483490,60822,329303436
1171,Education,2015-08-19,BLA BLA,969140,28,27741514
1172,,2017-02-15,Phim Khủng,391737,865,132996577
1173,,2017-06-30,Rehaan Records,507685,49,108062910
1174,Autos,2007-06-06,Moto Madness,2829004,1215,626861981
1175,Entertainment,2011-10-19,TVI,1261480,15294,548351646
1176,Music,2015-07-21,Crown Records,2038932,108,538516531
1177,Education,2016-01-27,"Baby Joy Joy - Early Learning (Kids Songs,…",869590,124,487365477
1178,Entertainment,2016-10-25,CD CHOICE Drama,1487937,1221,417881986
1179,Entertainment,2015-12-09,Bhojpuri Tadka,664249,4783,213063684
1180,Entertainment,2016-10-05,BiBaBo Nerf War,0,211,619122674
1181,,2017-12-15,Pagla DaDa,0,26,18712145
1182,People,2015-06-05,Nước Tăng lực Number 1,44846,91,155446093
1183,Games,2012-11-08,Quantum Games,2919996,1968,881699936
1184,Howto,2013-05-01,Ирина Иваницкая DIY,1387158,218,225955374
1185,Entertainment,2016-11-14,Top Vines,800244,375,269380789
1186,Film,2011-09-04,Tanner Fox,8510463,1028,1669288375
1187,Entertainment,2016-08-09,Moviebuff Tamil,764095,487,159903858
1188,Howto,2012-04-12,Pantene Türkiye,67933,149,48476390
1189,Education,2015-10-08,iKnow Channel,735416,370,322616181
1190,Entertainment,2018-02-22,Primetime Action Movies,982821,51,202825414
1191,Music,2011-02-17,SBS Inkigayo,2317043,15315,1240324843
1192,Entertainment,2014-08-06,Lorrayne Oliveira,4434658,296,414276095
1193,Music,2011-03-26,Naiara Azevedo,4534974,117,1403168484
1194,Entertainment,2009-09-14,ARIJA - Kids Channel,233889,56,62695442
1195,,2006-12-21,Jordan Matter,1724265,140,200340539
1196,Music,2012-08-02,Sanam,5110860,103,933258972
1197,Entertainment,2011-01-09,Spacetoon,1966933,1405,728209942
1198,Music,2009-06-08,Discos Fuentes Edimusica,355255,8672,251466931
1199,Games,2008-12-27,JT Music,2576156,637,984009285
1200,Entertainment,2016-07-14,All Status No1,0,370,80761746
1201,,2017-02-26,Claudi Top,775167,295,274922624
1202,Entertainment,2009-06-26,Disney Channel Israel,391654,1479,207618514
1203,Music,2013-01-04,Saregama Music,5984624,4178,1675417667
1204,People,2015-11-11,Sma Al Fan Production International سما…,531536,1476,353224140
1205,Film,2017-11-10,WildBrain 한국어,92756,517,35609891
1206,Autos,2009-10-28,Дима Гордей,2972498,518,377594347
1207,Entertainment,2013-04-23,Klockworx VOD,50246,1609,63149730
1208,Film,2016-02-24,Masha et Michka,1466010,261,660603622
1209,People,2014-01-30,Bastideon,375600,356,204981654
1210,Entertainment,2012-12-06,Crazy 4 Bollywood,1547147,6351,558457805
1211,Film,2015-04-15,PPCandy,449505,294,204645096
1212,Music,2011-10-27,djkingofdisco,295001,1555,200123937
1213,Music,2011-07-02,Monstercat: Uncaged,7134515,1380,2219472181
1214,People,2013-02-11,Мисс Николь,1026567,232,356398977
1215,Entertainment,2016-06-30,SunshineSprinkles,948013,280,298806877
1216,Music,2009-09-02,johnlegendVEVO,4140562,134,2190519133
1217,Film,2016-02-16,G Series (Bangla Movies),1364395,337,476000589
1218,Film,2014-10-18,briQle,443879,38,189433507
1219,,2016-11-15,Matru Ki Railgadi,198508,21,62661991
1220,Education,2016-10-15,Safal Ayurved,767730,79,23310975
1221,People,2016-08-31,Katie OnTheRoad,4158859,235,237225583
1222,,2018-08-06,Toybox,166743,115,37536051
1223,Entertainment,2016-11-10,9 Media,847180,518,448484354
1224,Games,2011-12-06,DropNade,480232,649,265264765
1225,Entertainment,2016-02-27,stefibunny,22642,2,11449230
1226,Entertainment,2016-10-29,Cambodia Wilderness Channel,1360213,188,514077208
1227,Entertainment,2016-06-14,My Talking TV,0,311,22751508
1228,Music,2014-02-09,21 Savage,4270228,78,1223129368
1229,Entertainment,2010-12-29,birdbt,1348066,292,619743961
1230,People,2012-06-01,ABP ANANDA,1237071,52843,388451788
1231,,2018-07-03,heo peppa pig tiếng việt,196379,124,84936494
1232,Tech,2009-06-08,MrBhargab123,1294292,123,148939475
1233,Entertainment,2016-02-06,Scoop,1408959,1557,704140787
1234,Music,2016-06-06,SimoneSimariaVEVO,3871285,27,1519019261
1235,Entertainment,2006-03-02,KBS 안테나,497618,5465,474387403
1236,Music,2013-05-13,Dark Side,684847,480,159354346
1237,Entertainment,2015-09-29,JuguetesFelices,3552863,315,1128090295
1238,Sports,2013-08-24,Estadio Videos,445831,2050,77980572
1239,People,2016-10-01,Sholawat Rosul,0,158,15567441
1240,People,2017-05-07,House Of Jhankar,701972,372,235520097
1241,Entertainment,2015-04-18,ZZ Kids TV,866060,91,150565309
1242,,2007-01-12,Acne Treatment Vlogs,0,344,319096775
1243,Entertainment,2015-11-06,BlastphamousHD TV2,1117688,606,164727641
1244,,2017-09-26,Ufak Tefek Cinayetler,433696,971,374029178
1245,Music,2009-10-15,CyndiLauperVEVO,980245,41,1185526990
1246,News,2017-09-10,My Cricket Knowledge,407906,389,28428278
1247,Film,2017-04-04,Rtv Drama,1675294,1750,356236446
1248,Film,2011-08-07,PeliculasXvid,195351,76,55899490
1249,,2013-07-22,KHO PHIM HAY,517017,468,191657164
1250,Music,2008-09-24,Saregama GenY,1597106,1600,606856263
1251,,2016-12-27,Bhajan Sangrah - भजन संग्रह,168648,395,27533083
1252,Entertainment,2010-12-20,SevenPerfectAngels,3317413,1387,1445447549
1253,,2017-10-06,FunKids Surprise,631567,67,190940822
1254,,2017-08-23,NEWBESTMOTION,200129,0,17011857
1255,Music,2018-03-04,Jhankar Touch,281388,426,82138874
1256,Entertainment,2010-07-23,peawcawaiigirl,69779,31,23539772
1257,Nonprofit,2007-11-20,TeletonMexico,59821,929,41248181
1258,Education,2015-10-08,Oyuncak Şekeri,1012464,782,447016233
1259,Film,2006-11-05,"Киноконцерн ""Мосфильм""",1256455,995,489894722
1260,,2018-07-20,Momo TV,128290,20,27744899
1261,Music,2014-12-28,قناة شعبيات / Sha3beyat Official,2302920,4961,843656291
1262,Animals,2015-12-19,Săn bắt và hái lượm,0,296,399684570
1263,Games,2014-03-02,Zanar Aesthetics,448545,3243,354056997
1264,Autos,2011-07-07,Mercedes-Benz South Africa,13188,98,15206538
1265,Film,2007-09-06,Film&Clips,1446666,5283,750358544
1266,People,2008-03-02,Soledad S,462181,3882,402754185
1267,,2018-03-27,Nakshi Kantha World,112250,252,13844191
1268,Music,2016-10-28,Aadishakti Films,1687487,3149,509787744
1269,Film,2006-12-12,MLP Pink TV,353180,158,91371734
1270,News,2008-10-23,NewsX,258807,104710,205384561
1271,Games,2015-10-21,Kindly Keyin,969676,884,319079355
1272,,2016-11-27,Araem,308992,129,62651658
1273,Entertainment,2017-07-06,Jack Studio,120372,348,35636995
1274,Comedy,2013-09-02,Liza Koshy,16370944,148,1907078218
1275,Games,2008-11-09,amanogawayukihiko,0,2506,10901333
1276,Film,2015-04-28,Walt Disney Thai Songs,540328,858,220316661
1277,Entertainment,2012-05-14,DosEquisMx,29259,92,160269724
1278,Music,2010-10-11,Время и Стекло,2436599,80,1207256453
1279,Entertainment,2011-01-12,TOY GUMA,2199111,306,766463235
1280,Entertainment,2009-06-26,Disney Channel Africa,693050,2276,681514508
1281,People,2017-03-10,gattu,795624,757,142391162
1282,Film,2015-03-24,Daniel Tigre en Español,1287634,276,554408198
1283,Education,2015-03-08,Top 10s,3095710,671,1053603624
1284,Film,2008-09-30,Jaime Ruizi,60353,42,28105658
1285,Music,2009-10-15,SodaStereoVEVO,589414,205,782447855
1286,Entertainment,2013-07-12,Rose Telugu Movies,866356,44320,573188399
1287,,2010-08-24,Video Bhandar विडीयो…,291102,4065,82697789
1288,News,2010-12-16,台灣蘋果日報,518851,55155,970481696
1289,People,2017-01-22,Milana Tv,162488,119,33886055
1290,Film,2014-12-07,В Рейтинге,364883,2222,214595582
1291,Comedy,2006-06-27,jacksfilms,4471735,1080,1920349951
1292,Entertainment,2016-01-14,Voot,723106,1042,474693576
1293,Education,2015-02-20,Lagu Anak TV,895132,169,400098568
1294,,2016-12-05,Baba Funny Videos,0,48,84014523
1295,People,2011-09-24,S Gee Music,532546,265,118544791
1296,Entertainment,2010-09-09,SHANT TV Armenia,433605,19113,826048113
1297,Music,2009-06-12,THE WILD ELEPHANT,317465,225,93826985
1298,Music,2016-03-01,Take It Easy,514282,327,335749554
1299,Entertainment,2012-08-20,Daily Mail,252008,32163,177514496
1300,Entertainment,2013-01-29,R SQUARE,0,3597,150680082
1301,,2014-03-13,Toys For Kids Video,0,25,248445427
1302,,2017-01-13,DARK BEAUTY SECRETS,196565,24,24217705
1303,People,2015-01-28,Söylemezsem Olmaz,235404,4363,232065428
1304,Film,2016-06-18,GAMES FACTORY,609408,470,322146751
1305,Tech,2014-12-07,GadgetIn,1369809,490,211471911
1306,Entertainment,2016-06-01,Telly Reporter,421197,7227,139528728
1307,Entertainment,2015-11-25,Looper,3760169,1676,1948855360
1308,,2017-09-19,PH CHANNEL,237946,71,74160618
1309,,2017-11-16,NOTA MEX,74752,60,12342383
1310,Animals,2006-09-14,Hope For Paws - Official Rescue Channel,3535933,384,799856630
1311,,2017-01-28,Lovely Video,709465,408,130691008
1312,Entertainment,2013-11-27,Genaro Ninja,285617,2930,155132642
1313,Comedy,2014-06-16,Tareq Qar Archive,88528,125,17262153
1314,Games,2017-01-17,Спуди Дуди-Ду,0,2437,356696022
1315,Howto,2016-01-20,Inspirasi News,0,1746,121790637
1316,,2018-05-12,South Hindi Movies Digiplex,748201,40,144828209
1317,People,2015-08-05,Interesting Facts,1170710,165,416710039
1318,Entertainment,2015-03-28,Top Fives,375458,351,175993655
1319,,2017-02-20,MICHELOB ULTRA Mx,18456,20,14374021
1320,Entertainment,2013-06-06,DAMI AN,4234122,197,1879483097
1321,Entertainment,2015-06-25,JUJU Jugando,1115117,56,301873731
1322,,2018-03-29,يوميات علاوي,376886,233,107345647
1323,Music,2011-10-12,راشد الماجد Rashed AlMajid l,1091312,815,783090721
1324,Entertainment,2009-11-19,JoJo Gomez,802978,49,94489407
1325,Film,2016-05-24,¡Caja Mágica! Vídeos in Spanish,1269433,370,498110420
1326,,2017-10-06,Top Cenas HD,330502,1370,123385017
1327,Entertainment,2013-01-18,mania japansong,2345158,1776,1207457141
1328,Entertainment,2012-05-13,RichardVlog,66692,47,14409438
1329,Entertainment,2014-05-21,Yuka Kinoshita木下ゆうか,4995911,1545,1707549247
1330,Music,2006-10-30,VIP Records,2223204,750,494510699
1331,Games,2015-06-30,Agustin51,2357452,986,344653979
1332,Film,2006-12-30,Little Movies - игры для детей,813229,655,336968449
1333,Sports,2011-11-10,Panasonic Japan（パナソニック公式）,74194,2421,213040234
1334,Howto,2010-06-07,BreitlingOfficial,33324,103,94479728
1335,Film,2014-08-08,Booba - Cartoon for kids,1678819,93,1083162398
1336,Music,2011-06-08,musiccreamgmm,415888,378,204105603
1337,Education,2009-10-15,CoccoleSonore,1113552,280,1002372071
1338,Games,2012-02-11,탁주 TV,314657,1049,271935009
1339,News,2014-06-26,99TV Telugu,462022,26541,132230033
1340,News,2007-04-04,فرانس 24 / FRANCE 24 Arabic,1017990,66272,371331376
1341,,2018-05-17,Kenia Os,3698939,33,139871878
1342,Sports,2006-08-04,SecondsOut,195108,6765,188429916
1343,People,2016-01-16,Môtô Đẹp,33275,850,19978311
1344,Entertainment,2010-08-12,FaberCastellOficial,38794,146,30751044
1345,Tech,2015-03-05,Honor India,357398,411,178032388
1346,,2017-03-23,IN NEWS16,1001854,6104,342506087
1347,Music,2013-06-19,NewBadLabel,1085012,323,554389976
1348,Entertainment,2016-05-03,P 4 Pakao,2092271,283,464721050
1349,,2016-10-29,Any Videos,0,457,12584753
1350,Film,2014-02-24,Galinha Magricela,726899,263,174879471
1351,,2018-05-18,Ansh Motion Pictures,177050,44,41879988
1352,People,2013-04-13,Amazing Studio,151609,2,10638020
1353,Music,2013-03-11,Sofia Reyes,1631307,52,585718131
1354,People,2016-03-27,Nepeta Страшилки,1701747,119,344584883
1355,Games,2013-04-10,Silo Entertainment,2670462,531,318268247
1356,Games,2012-07-09,Jesser,1957997,676,549315193
1357,Music,2011-10-17,Cristiano Araújo,2555482,65,1306061191
1358,,2016-02-11,Studio Circus,14744,10,604747
1359,Entertainment,2006-08-21,Binging with Babish,3543389,172,447528787
1360,Nonprofit,2014-08-12,ChebuRussiaTV,2847098,152,319551235
1361,,2018-10-18,Ramai Tv,68870,170,15428525
1362,News,2016-08-16,Сила Слова,386013,6681,314532469
1363,Education,2013-09-22,Life Care,1909199,716,347226227
1364,News,2014-03-28,Talk Shows Central,2365315,51028,656485750
1365,Games,2011-06-26,SovietWomble,3206994,171,605503487
1366,People,2015-12-14,Emili TV,278704,363,418805700
1367,,2017-03-31,Karina & Marina,811470,129,108954004
1368,Entertainment,2010-07-06,ChrisMD,4306009,431,784944974
1369,Howto,2013-10-23,Only Human,1011297,718,372559762
1370,,2017-05-11,Tiger TV,425435,2290,207325173
1371,Music,2017-04-05,Elsen Pro,284495,40,112183462
1372,People,2016-05-23,Real Health Care In Urdu,249211,326,13095406
1373,,2016-08-13,tanvi emitra,446194,10,120936449
1374,People,2016-07-16,Piero Start,1674005,144,201828610
1375,Music,2011-12-28,Tarang Music,1002865,3622,319972801
1376,Music,2015-02-27,HOA HỒNG DẠI MUSIC,517126,832,173809339
1377,Music,2013-09-26,Pabllo Vittar,5158588,65,903880212
1378,Entertainment,2016-11-26,Bollywood Spy Hindi,1241675,13381,320592763
1379,,2016-08-06,Alieff Irfan,848798,132,144965068
1380,,2017-07-21,cute kiddy,1315907,39,140598460
1381,People,2016-01-11,Carlaylee HD,389483,597,157235582
1382,Entertainment,2007-11-23,laSexta,1087618,12797,1246766124
1383,Entertainment,2017-11-24,Bi Bi - Big & Bizi,349404,13,96374262
1384,News,2012-01-20,OTV,1158043,44477,396647067
1385,,2017-03-07,Enes Ömer Aydoğan,85103,576,130251452
1386,Games,2016-05-26,WithZack,3001959,1238,683221585
1387,Games,2012-02-15,iTownGamePlay *Terror&Diversión*,11151633,5171,3461181537
1388,Music,2014-12-08,Juancito Piratex Audiovisuales,350426,1617,306716048
1389,,2018-03-29,Mimi Land,1309870,36,96903939
1390,Entertainment,2010-11-20,loveliveserve,3504007,496,532942780
1391,Film,2016-09-21,Action Movies Digiplex,1816528,84,414568315
1392,Entertainment,2013-02-14,MBAProductionEgypt,715612,2694,466044402
1393,Music,2012-12-31,Solrac Etnevic,261253,357,254219978
1394,,2018-01-20,khana khani,0,44,10246523
1395,Entertainment,2015-10-13,Boomerang UK,1030850,1335,772983978
1396,Games,2010-12-31,ZackScottGames,3411772,9059,1973498473
1397,Entertainment,2014-07-09,The Cambodia Wilderness,273651,41,80522727
1398,,2011-11-04,Chivas Studio Music CDs,32888,141,27146034
1399,People,2016-11-12,Área Secreta,7468288,713,914641342
1400,Music,2009-08-04,Sorriso Maroto,2017557,428,647370474
1401,,2017-02-25,Esha Mehra Health Time,1470339,667,79714551
1402,Music,2014-07-07,IZA,1703847,38,319030174
1403,News,2012-07-10,JustKiddingNews,1837466,5824,1782973577
1404,,2018-08-13,YG TREASURE BOX,265299,293,22381573
1405,People,2009-10-28,itaupersonnalite,23267,157,40125840
1406,Entertainment,2010-04-21,Cartoon Network Brasil,2781703,1339,541082548
1407,Music,2017-07-19,URBAN PENDUZ,0,24,15926388
1408,Film,2010-12-14,MoviesMpictures,628285,1109,330781645
1409,Music,2006-12-04,Bengali Songs - Angel Digital,641756,3052,386165206
1410,Entertainment,2009-03-24,BETNetworks,1026950,5602,354977786
1411,Music,2013-02-06,Billie Eilish,5273383,13,128512459
1412,,2017-12-02,sisters fun tube 2,418656,210,189740630
1413,,2017-01-18,大萌电影,42368,152,25962966
1414,,2016-09-19,Canal do LUCAS VASCONCELOS,609699,280,188486765
1415,,2017-03-23,Chiki-Piki,514038,24,66145536
1416,Music,2010-03-31,Rudimental,1287411,87,900079888
1417,Games,2012-07-02,ungespielt,0,2179,696660463
1418,Entertainment,2016-02-16,Tollywood Nagar,942280,7958,474833833
1419,,2017-11-19,띠예,436979,4,11664132
1420,Film,2016-02-23,PJ Masks Official,1958317,255,618831567
1421,Games,2011-12-15,Thinknoodles,3960519,3681,1403332734
1422,Music,2009-09-11,xuxaVEVO,1181166,199,1355419799
1423,Music,2015-03-10,Lauv,1159064,52,325651767
1424,Music,2016-03-10,the bootleg boy,1197121,412,177295453
1425,,2013-08-20,เอ็มวีดี…,1028824,151,160384246
1426,Tech,2016-06-23,Mr. Fast 2018,628808,101,284634037
1427,Music,2009-05-12,StingVEVO,542969,108,554936005
1428,Music,2014-09-25,HFM.Productions,1575808,248,614880292
1429,Entertainment,2016-07-02,Momentos Divertidos,1267428,416,330819581
1430,Entertainment,2015-02-14,Diário da Carol,2542010,719,320017347
1431,Games,2015-12-14,Primal Gameplay,914498,1615,591902777
1432,,2016-11-24,Phim Hay Việt Nam,661575,1361,312284039
1433,Entertainment,2015-07-17,Toys Academy,1813094,561,790876960
1434,,2017-05-13,mrv satifications,394888,315,70635882
1435,,2017-01-05,KuZin ToysReview,0,284,164367786
1436,Music,2016-02-10,TEAM KUKU,1320287,47,398374142
1437,,2016-06-03,MN Toys Family Vlogs,559320,533,324171219
1438,,2015-02-08,MusikQ,256880,355,46623680
1439,Games,2005-11-28,スクウェア・エニックス,539374,5928,499242264
1440,,2017-06-22,Nation News,1087377,2235,194170621
1441,Music,2009-04-14,Enrique Bunbury,701191,73,959955620
1442,,2017-10-30,BrandonKent Everything,692280,148,78565904
1443,Sports,2016-01-13,VFF Channel,588755,1971,194387261
1444,People,2016-09-14,Yuna Lim,162763,36,41662300
1445,Entertainment,2016-02-05,More EmilyTube,1016356,376,254847168
1446,People,2017-12-12,Nihongo Mantappu,413230,92,27199675
1447,,2017-06-18,Perfect Life,0,292,248728814
1448,Film,2014-01-13,Düşyeri,1725108,621,1241795974
1449,,2017-05-03,AlmAra,219993,369,61396308
1450,,2012-07-29,OLD The Live Tv,0,487,85356538
1451,Music,2011-10-20,TwiinsCuliacanTv,2236107,5560,1640958254
1452,Games,2015-06-07,겜브링 GGAM BRING,623514,1158,465416546
1453,Nonprofit,2011-11-16,Southeastern Guide Dogs,104038,135,27629472
1454,Entertainment,2016-08-04,Grunge,566830,548,278140682
1455,News,2015-11-21,マイランク,0,492,110767914
1456,Games,2013-03-13,FuzionDroid,664378,1127,120496741
1457,Music,2016-02-29,DisneyPolskaVEVO,330234,90,172040672
1458,,2016-09-07,MP News TV,211267,7600,46063775
1459,People,2015-12-24,Niharika Nm,283300,41,35042332
1460,Howto,2016-02-28,Lady TV,523497,50,154758846
1461,Entertainment,2006-11-16,Discovery UK,1623215,2430,598198993
1462,,2017-06-19,Những tấm lòng cao cả,852740,600,344129000
1463,Entertainment,2017-04-06,핫도그TV,368219,243,74045636
1464,Education,2014-09-03,Canzoni Per Bimbi.it,711677,90,447511034
1465,,2016-05-24,primitive wilderness,165506,133,38486496
1466,Comedy,2014-03-08,Dan and Riya,703429,325,216700898
1467,People,2016-11-25,Doctor Squish,2621745,311,568365849
1468,Entertainment,2015-11-12,v9 Videos,311588,10178,144378482
1469,Entertainment,2012-07-12,İçim,26553,143,88641362
1470,Music,2011-07-06,CaliyElDandeeVEVO,2237000,18,1498231846
1471,,2017-05-14,Fozi Mozi Español,684067,74,196334547
1472,,2016-11-02,24X7 Online News,369679,11850,102536126
1473,Film,2012-03-26,Breeze Thailand,362313,226,160129562
1474,Entertainment,2017-06-28,EstoEsNormalTV,0,408,54811273
1475,Music,2009-05-12,EltonJohnVEVO,575571,80,555315540
1476,Entertainment,2008-10-10,Little Tikes,81479,285,213212330
1477,Music,2015-11-22,Jordan Dzib,674224,155,400421340
1478,,2018-07-05,"Hilf Mir! Jung, pleite, verzweifelt",253531,59,90121115
1479,Entertainment,2015-06-02,Rainbow Learning,5072656,930,2105239043
1480,People,2016-06-30,Rahim BK,177970,30,11130076
1481,,2016-08-16,Mr. Reporter,679968,1208,246878383
1482,,2018-02-12,Arka Sokaklar,127160,138,69630871
1483,Shows,2016-01-25,Малышарики,605644,323,491333570
1484,Music,2011-10-17,2CELLOS,3888611,181,834850022
1485,Education,2016-06-28,A Bebés Contentos - Canciones Infantiles en…,462841,224,155253064
1486,Entertainment,2008-01-08,Asianet,3471106,1912,155780022
1487,Music,2006-02-08,Tommy Boy,314172,1606,201631924
1488,Entertainment,2015-07-28,RCTI - ENTERTAINMENT,1227909,8257,785625286
1489,,2012-08-10,Letstalk Facts,1951326,610,389026758
1490,Entertainment,2016-08-27,إنسان,375983,105,129606815
1491,,2014-07-19,Ánh Sáng Phật Pháp,332682,474,71157393
1492,Tech,2011-06-03,SamsungChile,101363,537,237996820
1493,,2017-11-24,VilFun Show,728524,240,234994397
1494,Entertainment,2011-12-21,Maria Lynn Dolls,582317,155,269390516
1495,People,2013-12-01,DavidsTV,1301349,342,378698491
1496,Entertainment,2017-05-25,China Zone — 回明之杨凌传正在热播,216490,4282,174374738
1497,,2017-01-02,Gente Maravillosa TV en Canal Sur,498911,247,107672004
1498,Games,2015-05-15,TalkToHand,231141,159,24417844
1499,Games,2016-07-08,PUBG TV,1779979,265,337358633
1500,,2017-09-15,Dream Stories TV,535817,40,94326648
1501,,2011-10-28,MrHappyMan0123,69066,122,53557252
1502,Entertainment,2014-05-01,Dreams House Dance Academy,677139,131,177956809
1503,Film,2014-08-02,ToysCollector,255606,20,50737523
1504,Education,2016-02-04,Kids Learning,2217404,247,1065450779
1505,Entertainment,2015-12-14,Best Viners 2,1902505,153,428898002
1506,People,2017-02-05,Newzmagazine.com,212008,378,123753714
1507,Music,2009-05-12,GloriaTreviVEVO,1163150,72,1219513402
1508,Comedy,2006-06-02,StevenCrowder,3168181,800,640479004
1509,Entertainment,2016-06-04,Beats,3438,72,96363
1510,Autos,2009-10-16,DriveTime Car Sales,13516,37,101170219
1511,People,2013-10-27,kt7000号,6775,398,9832467
1512,Entertainment,2016-10-26,Said BabyShow,1162032,9,199594333
1513,Comedy,2012-10-31,Muca Muriçoca,5407345,612,565299607
1514,Entertainment,2013-10-07,Domingo Espetacular,2091391,2589,487786825
1515,Sports,2015-07-06,Sky Sports Football,520565,664,110158384
1516,Music,2016-01-11,FitDance Life,4075763,406,817780156
1517,Games,2016-01-26,しょうじ,642796,706,183020179
1518,Howto,2012-02-29,Miss DegrEE,0,98,66035087
1519,Film,2015-02-17,Shaun the Sheep [ViệtNam],571666,153,316392016
1520,Entertainment,2016-04-13,Anny May,5009130,372,695708151
1521,Film,2015-11-15,Level UP,872976,104,312333388
1522,Entertainment,2013-08-14,Юлик,2165124,1555,475782648
1523,Film,2009-06-08,Cleetus McFarland,1125598,379,205514833
1524,Music,2014-02-06,عبدالمجيد عبدالله | Abdul…,355143,119,217988648
1525,,2018-07-24,Shivani Comedy World,140725,121,37492079
1526,Education,2015-07-25,GOD'S MAN,30926,102,9811793
1527,Education,2006-05-20,CrashCourse,8670458,1052,964038622
1528,Entertainment,2017-01-09,El Reino Series,647622,321,164560934
1529,Games,2012-04-11,악동 김블루,1274133,811,356294194
1530,Music,2014-10-01,Seagram's Imperial Blue Superhits Music CDs,11852,26,25462133
1531,People,2016-03-13,SOUND ME HANG Official,1583638,100,647879296
1532,People,2016-08-30,Pascual GF,317339,1436,218272014
1533,Film,2016-01-05,All Time Hits,634555,169,171757801
1534,Comedy,2013-06-07,영국남자 Korean Englishman,2944528,295,734292331
1535,,2016-12-17,Finn Shresthá,0,27,40426285
1536,Music,2015-03-03,VS RECORDS,671889,888,320547900
1537,Sports,2015-05-16,MCEW,309647,78,88982160
1538,Games,2014-04-22,しゅうゲームズ,244566,2106,180252691
1539,People,2014-03-04,Lifia Niala,1468788,550,1121012169
1540,Entertainment,2006-03-05,Eurovision Song Contest,2485228,4945,3414186943
1541,Games,2016-09-23,Oddman Games,509899,2772,272617053
1542,,2012-02-16,It’s me電視台,39546,29,19947377
1543,,2017-06-06,Super ToonsTV,274012,280,68773849
1544,People,2017-01-02,The News Total,2980910,112,141670753
1545,Entertainment,2017-09-20,Kênh TVB tiếng Việt,216455,734,101899213
1546,Howto,2015-10-21,Harsh Pictures,135218,131,9571166
1547,,2018-02-27,Рома и Хелпик,371456,61,164444107
1548,Travel,2011-04-28,Независимое TV.4K,44399,395,15005196
1549,Tech,2009-09-01,LG Perú,16621,420,62452764
1550,Games,2016-02-21,Барт,356523,1145,91956492
1551,,2017-09-11,Snake Tahunet,0,303,123260901
1552,Entertainment,2017-03-09,FilmSelect Россия,264097,493,135177269
1553,,2017-05-09,BE NATURAL,1566763,448,136099708
1554,,2017-04-23,suellASMR,1400951,263,327484557
1555,Entertainment,2016-12-24,News Today,317709,368,111113995
1556,Music,2008-09-17,Pro-M,780748,156,640776068
1557,,2018-04-23,Twine Cheeks,1332238,188,174260263
1558,Entertainment,2016-03-03,Aoffy Maxim,3334165,315,788758580
1559,Music,2012-04-03,FCK THEM,1210075,588,559422685
1560,Education,2017-10-29,Health Tips - घरेलु उपाय,394017,74,60439748
1561,Music,2017-05-09,LuisaSonzaVEVO,909798,9,150702060
1562,Entertainment,2017-07-07,ENTV القناة الرسمية…,656031,2229,197187192
1563,People,2016-04-03,Hottel Mazzafera,3949839,664,430598099
1564,Sports,2014-08-18,Highlight Heaven,476859,645,285097156
1565,,2017-09-24,Billu ki Vines,1053065,94,212511580
1566,,2016-08-29,N.S.Creative Nikhil,0,497,56110530
1567,Entertainment,2012-11-23,SnickersIndia,8211,42,27662873
1568,Entertainment,2017-01-04,Ganga Cassette,1209885,564,281311503
1569,,2017-08-28,FlixTube,173510,85,60038337
1570,Music,2007-07-03,Warner Music Spain,1467795,1280,1312228909
1571,,2017-10-25,Pierre's awful memes,70747,18,31418856
1572,,2016-12-02,Learn Colors For Kids,1220961,35,378953202
1573,,2015-06-11,Candy Land TV,436477,294,196035104
1574,Film,2013-12-06,ТВ Деткам,1467716,817,1930767618
1575,Entertainment,2012-01-02,Bisleri India,4752,83,35672903
1576,,2018-05-21,Marathi BUZZ,152464,744,26752263
1577,Games,2017-07-27,Dirty Noob - Minecraft,118506,39,14290495
1578,Education,2009-06-05,DeVry University,7464,324,114968115
1579,Comedy,2016-02-24,Samreen Ali,803326,141,143308956
1580,People,2016-07-09,Watch In हिंदी,2184718,311,296226456
1581,,2017-04-02,حقائق وأسرار 2,1057590,268,149848332
1582,,2017-05-29,WAYANG JAWA,0,1475,195794752
1583,,2018-01-16,COOL Feed,54561,305,13631876
1584,Music,2015-10-15,Organ Minh Công Nhạc Sống Thái Nguyên,0,570,248448390
1585,,2018-06-14,MS Entertainments,294491,1985,125815098
1586,Animals,2011-04-04,cobra123473,2585203,2486,1030112858
1587,Entertainment,2015-12-11,Cascabel TV,1745975,934,749205835
1588,Games,2012-03-30,Mumbo Jumbo,2694279,1782,750717448
1589,Music,2009-04-22,atiempopreescolar,1871800,202,1333180997
1590,People,2016-07-06,Chuyện Lạ Kỳ Thú,598864,208,169272989
1591,People,2017-02-01,It's Mamix,3208694,64,234050499
1592,,2013-07-02,Tips Top 007,829142,24,189699984
1593,Entertainment,2011-07-15,O Ses Türkiye,469697,314,61535803
1594,Music,2011-03-27,Redondos Subtitulados,528040,2234,652167810
1595,Music,2015-03-02,EDWIN DIAZTO,956487,99,447875924
1596,Entertainment,2014-05-22,VIRAL,4696936,613,1104329750
1597,Comedy,2007-01-16,Adult Swim UK,518011,1259,284259032
1598,,2016-10-24,KIDZ RHYMES,1149722,142,90941605
1599,Film,2014-12-19,canım kardeşim,636249,612,433745921
1600,Education,2008-02-11,BabyTV,1090665,367,746362365
1601,Comedy,2009-11-19,Irmãos Berti,4394093,150,266035200
1602,Sports,2015-03-10,FLAME MEDIA,1010295,3882,252797648
1603,,2017-12-14,Bun Bap ToysReview,400691,84,114384931
1604,Music,2006-09-29,Namewee,1851975,418,713592741
1605,,2017-08-25,El Pajaro Loco,792783,229,272633904
1606,Film,2016-05-30,꼬마버스 타요,707329,891,501138106
1607,Music,2010-01-23,DaftPunkVEVO,2412239,14,870499507
1608,Music,2009-05-12,FallOutBoyVEVO,3782555,175,1778044024
1609,Entertainment,2016-11-07,Titi Toys and Dolls,1587459,590,638429424
1610,Games,2013-05-13,MonDEV,3292803,991,695216234
1611,Sports,2014-06-24,Boxing Legends TV,1169336,177,327816301
